game,view,motion,genre,camera,RIGHT,LEFT,UP,DOWN,ACTION_PRIMARY,ACTION_SECONDARY,blinking,delayed
PowerStrikeII-Sms,top,h,space_shooter,up,right,left,up,down,none,shoot,YES,NO
SectionZ-Nes,side,v,shooter,right,right,left,up,down,shoot,shoot left,NO,NO
MarioBros-Nes,side,h,pl,none,right,left,none,none,jump,none,NO,NO
SonicTheHedgehog3-Genesis,side,h,pl,none,right,left,look-u,crouch,jump,jump,NO,NO
PacMania-Sms,3p,free,maze,none,right,left,forward,backward,jump,jump,NO,NO
ChuckRockIISonOfChuck-Genesis,side,h,pl,none,right,left,none,none,jump,attack,NO,NO
ActionPachio-Snes,side,h,pl,none,right,left,none,crouch,jump,none,NO,NO
Exerion-Nes,top,h,space_shooter,forward,right,left,up,down,shoot,none,NO,NO
ExMutants-Genesis,side,free,pl,none,right,left,none,crouch,none,jump,NO,NO
AddamsFamily-Snes,side,free,pl,none,right,left,enter,crouch,jump,none,NO,NO
JourneyEscape-Atari2600,top,h,other,none,right,left,up,down,none,none,NO,NO
JudgeDredd-Snes,side,free,pl,none,right,left,look-u,crouch look-d,jump,shoot,NO,NO
BillAndTedsExcellentGameBoyAdventure-GameBoy,side,free,pl,none,right,left,none,none,none,none,NO,NO
JetsonsCogswellsCaper-Nes,side,free,pl,none,right,left,none,crouch,jump,none,NO,NO
SuperStarWarsTheEmpireStrikesBack-Snes,side,free,pl,none,right,left,none,crouch,jump,sword,NO,NO
TetrastarTheFighter-Nes,3p,free,space_shooter,forward,right,left,up,down,none,shoot,NO,NO
Paperboy2-Genesis,3p,free,shooter,up right,right,left,none,crouch,jump,shoot,NO,NO
Flicky-Genesis,side,free,pl,none,right,left,none,none,jump,jump,NO,NO
BugsBunnyBirthdayBlowout-Nes,side,free,pl,none,right,left,none,none,jump,attack,NO,NO
DevilishTheNextPossession-Genesis,side,h,pong,none,none,none,none,none,none,none,NO,YES
TimeZone-Nes,side,free,pl,none,right,left,none,none,jump,throw,NO,NO
Asterix-Sms,side,free,pl,none,right,left,none,crouch,jump,punch,NO,NO
SpaceInvaders-Nes,side,h,space_shooter,none,right,left,none,none,shoot,shoot,NO,NO
MutantVirusCrisisInAComputerWorld-Nes,top,free,other,none,rotate-r,rotate-l,none,none,shoot,none,NO,NO
HomeAlone2LostInNewYork-Genesis,side,free,pl,none,right,left,none,crouch,none,throw,NO,NO
ZoolNinjaOfTheNthDimension-Genesis,side,free,pl,none,right,left,none,crouch,none,jump,YES,NO
HeavyNova-Genesis,side,free,pl,none,right,left,fly,crouch,none,kick,NO,NO
SuperRType-Snes,side,v,space_shooter,right,right,left,up,down,shoot,shoot,YES,NO
Socket-Genesis,side,free,pl,none,right,left,none,crouch,jump,attack,NO,NO
GeneralChaos-Genesis,3p,free,shooter,none,right,left,up,down,anim,anim,NO,NO
SubTerrania-Genesis,side,free,space_shooter,none,right,left,none,none,shoot,up,NO,NO
ZombiesAteMyNeighbors-Snes,3p,free,shooter,none,right,left,forward,backward,none,shoot,NO,NO
DinoLand-Genesis,side,fixed,pinball,none,paddle-l,paddle-l,paddle-l,paddle-l,paddle-r,none,NO,YES
PowerAthlete-Genesis,side,free,fight,none,right,left,forward,backward,none,none,NO,YES
LegendaryWings-Nes,top,h,space_shooter,up,right,left,up,down,shoot,shoot,YES,NO
Barbie-Nes,side,free,pl,none,right,left,none,none,jump,throw,NO,NO
Toki-Nes,side,free,pl,none,right,left,none,crouch,jump,shoot,NO,NO
StreetsOfRageII-Sms,side,free,fight,none,right,left,forward,backward,jump,punch,NO,NO
Splatterhouse2-Genesis,side,free,fight,none,right,left,anim,crouch,jump,punch,NO,NO
XeviousTheAvenger-Nes,top,h,space_shooter,up,right,left,up,down,shoot,shoot,NO,NO
MickeyMousecapade-Nes,side,free,pl,none,right,left,climb-u,climb-d,jump,none,NO,NO
BubbleGhost-GameBoy,top,free,maze,none,right,left,up,down,shoot,none,NO,NO
ChesterCheetahWildWildQuest-Genesis,side,free,pl,none,right,left,none,crouch,jump,anim,NO,NO
Rampage-Nes,side,free,action,none,right,left,none,anim,punch,jump,NO,NO
CrazyClimber-Atari2600,side,free,action,none,none,none,none,none,none,none,NO,NO
Gyruss-Nes,3p,tube,space_shooter,forward,rotate-r,rotate-l,none,none,shoot,none,NO,NO
JoeAndMac-Snes,side,free,pl,none,right,left,none,crouch,jump,attack,YES,NO
RenAndStimpyShowVeediots-Snes,side,free,pl,none,right,left,none,crouch,jump,attack,NO,NO
Terminator2JudgmentDay-Nes,side,free,pl,none,right,left,none,crouch,jump,punch,NO,NO
SnakeRattleNRoll-Nes,3p,free,pl,none,right,left,forward,backward,jump,anim,NO,NO
BartSimpsonsEscapeFromCampDeadly-GameBoy,side,free,pl,none,right,left,none,crouch,jump,shoot,NO,NO
Blockout-Genesis,side,free,tetris,none,right,left,up,down,rotate-l,rotate-z,NO,NO
TrollsInCrazyland-Nes,side,free,pl,none,right,left,none,crouch,jump,shoot,NO,NO
SkeletonKrew-Genesis,3p,free,pl,none,right,left,forward,backward,jump,shoot,NO,NO
SonicBlastMan-Snes,side,free,fight,none,right,left,forward,backward,jump,punch,NO,NO
GokujouParodius-Snes,side,v,space_shooter,right,right,left,up,down,shoot,none,YES,NO
RadicalRex-Snes,side,free,pl,none,right,left,none,crouch,jump,attack,NO,NO
ForgottenWorlds-Genesis,side,free,pl,right,right,left,up,down,anim,shoot,NO,NO
MarbleMadness-Sms,3p,free,pl,none,right,left,forward,backward,none,none,NO,NO
Ristar-Genesis,side,free,pl,none,right,left,none,none,none,none,NO,YES
Wolfchild-Sms,side,free,pl,none,right,left,none,crouch,punch,jump,NO,NO
TwoCrudeDudes-Genesis,side,free,fight,none,right,left,none,crouch,jump,punch,NO,NO
CongosCaper-Snes,side,free,pl,none,right,left,anim-u,crouch,jump,attack,NO,NO
Frostbite-Atari2600,3p,v,other,none,right,left,none,jump backward,none,none,NO,NO
SkyDestroyer-Nes,3p,h,space_shooter,forward,right,left,up,down,shoot,shoot down,NO,NO
EliminateDown-Genesis,side,free,space_shooter,right,right,left,up,down,none,shoot,YES,NO
KidIcarus-Nes,side,free,pl,none,right,left,anim-u,crouch,jump,shoot,NO,NO
BattletoadsInRagnaroksWorld-GameBoy,side,free,pl,none,right,left,forward,backward,jump,punch,NO,NO
AlienSoldier-Genesis,side,free,pl,none,right,left,none,crouch,jump,shoot,NO,NO
BWings-Nes,side,h,space_shooter,up,right,left,up,down,none,anim,NO,NO
Gods-Genesis,side,free,pl,none,right,left,climb-u,climb-d,none,none,NO,NO
FantasyZoneIITheTearsOfOpaOpa-Sms,side,free,space_shooter,right,right,left,up,down,throw,shoot,NO,NO
BullsVsLakersAndTheNBAPlayoffs-Genesis,3p,free,sport,none,none,none,none,none,none,none,NO,YES
Asterix-Snes,side,free,pl,none,right,left,none,crouch,jump,none,NO,NO
ArdyLightfoot-Snes,side,free,pl,none,right,left,anim-u,crouch,jump,anim,NO,NO
FatalLabyrinth-Genesis,3p,free,shooter,none,right,left,forward,backward,menu,none,NO,NO
ElementalMaster-Genesis,top,free,space_shooter,up,right,left,up,down,none,shoot,NO,NO
Centipede-Atari2600,side,h,space_shooter,none,right,left,up,down,shoot,shoot,NO,NO
AdventuresOfYogiBear-Snes,side,free,pl,none,right,left,none,crouch,jump,none,NO,NO
JamesBond007TheDuel-Genesis,side,free,pl,none,right,left,climb-u,climb-d,none,shoot,YES,NO
ContraForce-Nes,side,free,pl,none,right,left,anim-u,crouch,jump,shoot,NO,NO
MightyMorphinPowerRangers-Genesis,side,free,fight,none,right,left,jump,crouch,none,kick,NO,NO
GhoulsnGhosts-Genesis,side,free,pl,none,right,left,none,crouch,jump,throw,NO,NO
Amidar-Atari2600,3p,fixed,maze,none,none,none,none,none,none,none,NO,NO
DeathDuel-Genesis,1p,free,shooter,none,none,none,none,none,shoot,shoot,NO,NO
MappyLand-Nes,side,free,pl,none,right,left,none,none,anim,jump,NO,NO
BalloonKid-GameBoy,side,free,pl,left,right,left,none,none,fly,anim,NO,NO
Millipede-Nes,side,h,space_shooter,none,right,left,up,down,shoot,none,NO,NO
UndeadLine-Genesis,3p,free,shooter,up,right,left,up,down,anim,shoot,NO,NO
AlfredChicken-Nes,side,free,pl,none,right,left,none,crouch,jump,none,NO,NO
Bowling-Atari2600,side,fixed,action,none,none,none,up,down,shoot,shoot,NO,NO
SubmarineAttack-Sms,side,v,space_shooter,right,right,left,up,down,shoot,throw,NO,NO
CrueBallHeavyMetalPinball-Genesis,side,fixed,pinball,none,paddle-l,paddle-l,paddle-l,paddle-l,paddle-r,none,NO,NO
Solaris-Atari2600,3p,h,space_shooter,none,none,none,none,none,forward,forward,NO,NO
StreetsOfRage2-Genesis,side,free,fight,none,right,left,forward,backward,none,none,NO,NO
Satellite7-Sms,top,free,space_shooter,up,right,left,up,down,shoot,shoot,YES,NO
LowGManTheLowGravityMan-Nes,side,free,pl,none,right,left,none,crouch,jump,shoot,NO,NO
IndianaJonesAndTheTempleOfDoom-Nes,side,free,pl,none,right,left,forward,backward,attack,jump,NO,NO
SolDeace-Genesis,side,v,space_shooter,right,right,left,up,down,shoot,shoot,YES,NO
Magmax-Nes,3p,v,space_shooter,right,right,left,up,down,shoot,shoot,NO,NO
RevengeOfShinobi-Genesis,side,free,pl,none,right,left,none,crouch,jump,shoot,NO,NO
RiseOfTheRobots-Genesis,side,free,fight,none,none,none,none,none,none,none,NO,YES
AirBuster-Genesis,side,v,space_shooter,none,right,left,up,down,none,shoot,NO,NO
BoobyKids-Nes,3p,free,shooter,none,right,left,up,down,none,none,YES,NO
Zanac-Nes,top,h,shooter,up,right,left,up,down,shoot,shoot,NO,NO
CircusCaper-Nes,side,free,action,none,right,left,none,crouch,jump,punch,NO,NO
SonicTheHedgehog2-Sms,side,free,pl,none,right,left,look-u,crouch look-d,jump,jump,NO,NO
DavidRobinsonsSupremeCourt-Genesis,3p,free,sport,none,none,none,none,none,none,none,NO,YES
Phalanx-Snes,side,v,space_shooter,right,right,left,up,down,none,none,NO,NO
DragonPower-Nes,3p,free,shooter,none,right,left,forward,backward,none,none,NO,NO
FinalBubbleBobble-Sms,side,free,pl,none,right,left,none,none,jump,shoot,NO,NO
JungleBook-Nes,side,free,pl,none,right,left,none,crouch,jump,shoot,NO,NO
FlyingDragonTheSecretScroll-Nes,side,free,pl,none,right,left,jump,crouch,kick,punch,NO,NO
Seicross-Nes,3p,v,space_shooter,right,right,left,up,down,shoot,shoot,NO,NO
IzzysQuestForTheOlympicRings-Genesis,side,free,pl,none,right,left,look-u,look-d,jump,jump,NO,YES
CaptainPlanetAndThePlaneteers-Nes,side,v,space_shooter,right,right,left,up,down,shoot,anim,NO,NO
FlintstonesTheRescueOfDinoAndHoppy-Nes,side,free,pl,none,right,left,none,anim-d,jump,attack,NO,NO
Realm-Snes,side,free,pl,none,right,left,none,crouch,jump,shoot,NO,NO
CheeseCatAstropheStarringSpeedyGonzales-Sms,side,free,pl,none,right,left,none,crouch,shoot,jump,NO,YES
JoeAndMac-Nes,side,free,pl,none,right,left,none,crouch,jump,none,YES,NO
NHL94-Genesis,3p,free,sport,none,none,none,none,none,none,none,NO,YES
IncredibleHulk-Genesis,side,free,pl,none,right,left,none,crouch,none,jump,NO,NO
Cybernator-Snes,side,free,pl,none,right,left,aim-u,aim-d,fly right,shoot,NO,YES
Ottifants-Sms,side,free,pl,none,right,left,none,crouch,none,jump,NO,NO
AwesomePossumKicksDrMachinosButt-Genesis,side,free,pl,none,right,left,none,crouch,jump,jump,NO,NO
LineOfFire-Sms,top,h,space_shooter,up,right,left,up,down,shoot,shoot,YES,NO
Cyberball-Genesis,3p,free,sport,none,none,none,none,none,none,none,NO,YES
BattleMasterKyuukyokuNoSenshiTachi-Snes,side,free,fight,none,right,left,jump,crouch,none,none,NO,NO
RoboCop3-Genesis,side,free,pl,none,right,left,none,crouch,jump,shoot,NO,NO
Sagaia-Sms,side,v,space_shooter,right,right,left,up,down,throw,shoot,YES,NO
HuntForRedOctober-Nes,side,v,space_shooter,right,right,left,up,down,shoot,shoot up,NO,NO
KingOfDragons-Snes,side,free,fight,none,right,left,forward,backward,jump,sword,NO,NO
MonsterLair-Genesis,side,free,pl,right,right,left,none,none,jump,shoot,NO,NO
RType-Sms,side,v,space_shooter,right,right,left,up,down,none,shoot,NO,NO
CaptainSilver-Nes,side,free,fight,none,right,left,none,crouch,jump,shoot,NO,NO
BioMetal-Snes,side,v,space_shooter,right,right,left,up,down,shoot,anim,YES,NO
SuperStarWars-Snes,side,free,pl,none,right,left,none,crouch,jump,shoot,NO,NO
Battletoads-Nes,3p,free,fight,none,right,left,forward,backward,jump,none,NO,NO
DangerousSeed-Genesis,top,h,space_shooter,up,right,left,up,down,none,anim,NO,NO
CalRipkenJrBaseball-Genesis,3p,free,sport,none,right,left,none,crouch,shoot,shoot,NO,NO
TetsuwanAtom-Nes,side,free,pl,none,right,left,none,crouch,jump,punch,NO,NO
CaptainAmericaAndTheAvengers-Genesis,3p,free,fight,none,right,left,forward,backward,punch,punch,NO,NO
GadgetTwins-Genesis,side,free,space_shooter,right,right,left,up,down,none,none,NO,NO
CastlevaniaBloodlines-Genesis,side,free,pl,none,right,left,none,crouch,none,jump,NO,NO
AttackOfTheKillerTomatoes-Nes,side,free,pl,none,right,left,none,none,jump,none,NO,NO
ForemanForReal-Genesis,side,free,fight,none,right,left,none,crouch,punch,none,NO,YES
PanicRestaurant-Nes,side,free,pl,none,right,left,none,crouch,jump,attack,NO,NO
BonkersWaxUp-Sms,side,free,pl,none,right,left,look-u,look-d,jump,none,NO,NO
PrehistorikMan-Snes,side,free,pl,none,none,none,none,anim-d,none,attack,NO,NO
SaintSword-Genesis,side,free,pl,none,right,left,none,crouch,jump,sword,NO,NO
Alien3-Sms,side,free,pl,none,right,left,none,crouch,jump,none,NO,NO
JewelMaster-Genesis,side,free,pl,none,right,left,none,crouch,jump,attack,NO,NO
AmericanGladiators-Genesis,top,free,fight,none,right,left,none,none,pause,pause,NO,NO
SonicTheHedgehog-Sms,side,free,pl,none,right,left,look-u,crouch look-d,jump,jump,NO,NO
ChampionshipProAm-Genesis,3p,free,race,none,rotate-r,rotate-l,none,none,none,none,NO,NO
AlienVsPredator-Snes,side,free,fight,none,right,left,forward,backward,jump,punch,NO,NO
InsectorX-Nes,side,v,space_shooter,right,right,left,up,down,none,shoot,NO,YES
MasterOfDarkness-Sms,side,free,pl,none,right,left,none,crouch,jump,sword,NO,NO
PitfallTheMayanAdventure-Genesis,side,free,pl,none,right,left,none,crouch,attack,jump,NO,NO
Castelian-Nes,side,free,pl,none,right,left,none,none,shoot,none,NO,NO
DonDokoDon-Nes,side,free,pl,none,right,left,none,none,jump,attack,NO,NO
BoobyBoys-GameBoy,3p,free,shooter,none,right,left,up,down,none,none,YES,NO
DrRobotniksMeanBeanMachine-Genesis,top,free,action,none,right,left,none,down,none,none,NO,NO
NinjaGaidenIIITheAncientShipOfDoom-Nes,side,free,pl,none,right,left,none,crouch,jump,sword,NO,NO
UNSquadron-Snes,side,v,space_shooter,right,right,left,up,down,explode,shoot,YES,NO
DoubleDragonVTheShadowFalls-Genesis,side,free,fight,none,none,none,none,none,none,none,NO,YES
Trojan-Nes,side,free,fight,none,right,left,jump,crouch,anim,sword,NO,NO
GreendogTheBeachedSurferDude-Genesis,side,free,pl,none,right,left,none,crouch,jump,throw,NO,YES
Hellfire-Genesis,side,v,space_shooter,right,right,left,up,down,shoot,anim,NO,NO
DoubleDragon-Genesis,side,free,fight,none,right,left,forward,backward,punch,jump,NO,NO
Berzerk-Atari2600,3p,free,shooter,none,right,left,up,down,shoot,shoot,NO,NO
ArrowFlash-Genesis,side,v,space_shooter,right,right,left,up,down,anim,shoot,YES,NO
BubbleBobble-Nes,side,free,pl,none,right,left,none,none,jump,shoot,NO,NO
KungFuKid-Sms,side,free,fight,none,right,left,none,crouch,kick,jump,NO,NO
BubsyII-Genesis,side,free,pl,none,right,left,none,none,none,jump,NO,NO
AdventureIsland3-Nes,side,free,pl,none,right,left,none,crouch,jump,none,NO,NO
Darwin4081-Genesis,top,h,space_shooter,up,right,left,up,down,shoot up,shoot up,NO,NO
SeikimaIIAkumaNoGyakushuu-Nes,side,free,pl,none,right,left,none,none,jump,shoot,NO,NO
AtomicRunner-Genesis,side,free,pl,right,right,none,right,crouch,right,shoot,NO,NO
CoolSpot-Snes,side,free,pl,none,right,left,look-u,crouch look-d,jump,shoot,NO,NO
BramStokersDracula-Snes,side,free,pl,none,right,left,none,crouch,jump,none,NO,NO
Tennis-Atari2600,3p,free,other,none,right,left,none,none,shoot,shoot,NO,NO
AddamsFamily-Nes,side,free,pl,none,right,left,none,crouch,jump,none,NO,NO
Cliffhanger-Genesis,side,free,fight,none,right,left,forward,backward,jump,kick,NO,NO
BlockKuzushi-Snes,side,h,pong,none,right,left,none,none,none,none,NO,NO
Widget-Nes,side,free,pl,none,right,left,none,crouch,jump,shoot,NO,NO
BakuretsuSenshiWarrior-GameBoy,side,free,pl,none,right,left,climb-u,climb-d,none,none,NO,NO
ChacknPop-Nes,side,free,pl,none,right,left,jump,none,throw,none,NO,NO
ArtOfFighting-Genesis,side,free,fight,none,right,left,jump,crouch,punch,kick,NO,YES
Havoc-Genesis,side,free,pl,none,right,left,anim-u,crouch,jump,jump,NO,NO
ZoolNinjaOfTheNthDimension-Sms,side,free,pl,none,right,left,none,crouch,shoot,jump,NO,NO
Legend-Snes,side,free,fight,none,right,left,forward,backward,jump,sword,NO,NO
Amagon-Nes,side,free,pl,none,right,left,none,crouch,jump,shoot,NO,NO
DiggerTheLegendOfTheLostCity-Nes,side,free,pl,none,right,left,climb-u,climb-d,jump,attack,NO,NO
Battletoads-Genesis,side,free,fight,none,right,left,forward,backward,none,punch,NO,NO
GIJoeTheAtlantisFactor-Nes,side,free,pl,none,right,left,none,crouch,jump,punch,NO,NO
RoboWarrior-Nes,3p,free,shooter,none,right,left,up,down,shoot,drop,NO,NO
BuraiFighter-Nes,side,free,pl,right,right,left,up,down,none,shoot,NO,NO
FatalFury2-Genesis,side,free,fight,none,none,none,none,none,none,none,NO,YES
Marsupilami-Genesis,side,free,pl,none,right,left,none,anim-d,none,jump,NO,NO
DonkeyKongJr-Nes,side,free,pl,none,right,left,climb-u,climb-d,jump,none,NO,NO
JamesPond3-Genesis,side,free,pl,none,right,left,none,crouch,none,jump,NO,NO
ArtOfFighting-Snes,side,free,fight,none,none,none,none,none,none,none,NO,YES
Vectorman2-Genesis,side,free,pl,none,right,left,none,none,none,shoot,NO,YES
Carnival-Atari2600,side,h,space_shooter,none,right,left,none,none,shoot,shoot,NO,NO
InspectorGadget-Snes,side,free,pl,none,right,left,none,crouch,jump,punch,NO,NO
Fantasia-Genesis,side,free,pl,none,right,left,none,crouch,jump,shoot,NO,NO
BodyCount-Genesis,1p,free,shooter,none,right,left,up,down,none,shoot,NO,NO
PacInTime-Snes,side,free,pl,none,right,left,none,none,jump,none,NO,NO
IncredibleHulk-Genesis,side,free,pl,none,right,left,none,crouch,jump,punch,NO,NO
KidKlownInNightMayorWorld-Nes,side,free,pl,none,right,left,none,crouch,jump,throw,NO,NO
Gynoug-Genesis,side,v,space_shooter,right,right,left,up,down,none,shoot,NO,NO
KingOfTheMonsters2-Snes,3p,free,action,none,none,none,none,none,none,none,NO,YES
MarbleMadness-Genesis,3p,free,pl,none,right,left,forward,backward,none,none,NO,NO
SuperPitfall-Nes,side,free,pl,none,right,left,climb-u,crouch,jump,shoot,NO,NO
BananaPrince-Nes,side,free,pl,none,right,left,look-u,crouch,jump,sword,NO,NO
RainbowIslands-Nes,side,free,pl,none,right,left,none,none,jump,anim,NO,NO
Wolfchild-Genesis,side,free,pl,none,right,left,none,crouch,jump,punch,NO,NO
FinalFight-Snes,side,free,fight,none,right,left,forward,backward,jump,punch,NO,NO
RoboCop2-Nes,side,free,pl,none,right,left,none,crouch,jump,shoot,NO,NO
SuperFantasyZone-Genesis,side,free,space_shooter,none,right,left,up,down,throw,shoot,NO,NO
DashinDesperadoes-Genesis,side,free,pl,none,right,left,none,crouch,throw,jump,YES,YES
SuperCastlevaniaIV-Snes,side,free,pl,none,right,left,none,crouch,jump,attack,NO,NO
WhipRush-Genesis,side,v,space_shooter,right,right,left,up,down,none,shoot,NO,NO
YoungIndianaJonesChronicles-Nes,side,free,pl,none,right,left,none,crouch,jump,attack,NO,NO
DickVitalesAwesomeBabyCollegeHoops-Genesis,side,free,sport,none,none,none,none,none,none,none,NO,YES
MortalKombat3-Genesis,side,free,fight,none,right,left,jump,crouch,none,none,NO,YES
AdventureIsland-GameBoy,side,free,pl,none,right,left,none,none,jump,none,NO,NO
KabukiQuantumFighter-Nes,side,free,pl,none,right,left,none,crouch,jump,punch,NO,NO
CityConnection-Nes,side,free,pl,right,right,left,none,down,jump,shoot,NO,NO
CyberShinobi-Sms,side,free,pl,none,right,left,none,crouch,jump,attack,NO,NO
LandOfIllusionStarringMickeyMouse-Sms,side,free,pl,none,right,left,none,crouch,jump,none,NO,NO
Quartet-Sms,side,free,pl,none,right,left,none,crouch,shoot,jump,NO,NO
SpaceHarrier-Sms,3p,h,space_shooter,forward,right,left,up,down,shoot,shoot,NO,NO
TomAndJerry-Snes,side,free,pl,none,right,left,none,crouch,jump,none,NO,NO
SuperAdventureIsland-Snes,side,free,pl,none,right,left,none,crouch,jump,none,NO,NO
BuckyOHare-Nes,side,free,pl,none,right,left,anim-u,crouch,jump,shoot,NO,NO
Freeway-Atari2600,top,v,other,none,none,none,up,down,none,none,NO,NO
GradiusII-Nes,side,v,space_shooter,right,right,left,up,down,none,shoot,NO,NO
1942-Nes,top,h,space_shooter,up,right,left,up,down,anim,shoot,NO,NO
PowerPiggsOfTheDarkAge-Snes,side,free,pl,none,right,left,none,crouch,jump,sword,NO,NO
DeadlyMoves-Genesis,side,free,fight,none,right,left,none,none,none,none,NO,NO
LittleMermaid-Nes,side,free,space_shooter,none,right,left,up,down,shoot,none,NO,NO
BattleTechAGameOfArmoredCombat-Genesis,3p,free,shooter,none,right,left,up,down,none,shoot,NO,YES
BrawlBrothers-Snes,side,free,fight,none,right,left,forward,backward,jump,punch,NO,NO
GradiusTheInterstellarAssault-GameBoy,side,v,space_shooter,right,right,left,up,down,none,shoot,NO,NO
Hero-Atari2600,side,free,pl,none,none,none,none,none,none,none,NO,YES
KidChameleon-Genesis,side,free,pl,none,right,left,none,crouch,none,jump,NO,YES
MagicBoy-Snes,side,free,pl,none,right,left,none,crouch,jump,shoot,NO,NO
VolguardII-Nes,side,v,space_shooter,right,right,left,up,down,shoot throw,none,NO,NO
RainbowIslandsStoryOfTheBubbleBobble2-Sms,side,free,pl,none,right,left,none,crouch,jump,anim,NO,NO
Tick-Snes,side,free,fight,right,right,left,forward,backward,jump,kick,NO,NO
ArielTheLittleMermaid-Genesis,side,free,shooter,none,right,left,up,down,anim,shoot up,NO,NO
FushigiNoOshiroPitPot-Sms,top,free,fight,none,right,left,up,down,none,none,NO,NO
TwinCobra-Nes,top,h,space_shooter,up,right,left,up,down,explode,shoot,NO,NO
Truxton-Genesis,top,h,space_shooter,up,right,left,up,down,shoot,anim,NO,NO
AdventuresOfMightyMax-Genesis,side,free,pl,none,right,left,none,crouch,none,jump,NO,NO
Terminator-Sms,side,free,pl,none,right,left,anim-u,crouch,jump,throw,NO,NO
LuckyDimeCaperStarringDonaldDuck-Sms,side,free,pl,none,right,left,none,crouch,jump,punch,NO,NO
SuperGhoulsnGhosts-Snes,side,free,pl,none,right,left,none,crouch,jump,shoot,NO,NO
Astyanax-Nes,side,free,pl,none,right,left,none,crouch,jump,attack,NO,NO
Airstriker-Genesis,top,h,space_shooter,up,right,left,none,none,none,shoot,NO,NO
FlyingHero-Nes,side,h,action,none,right,left,none,none,none,jump,NO,NO
Gremlins2TheNewBatch-Nes,3p,free,shooter,none,right,left,up,down,jump,shoot,NO,NO
ConquestOfTheCrystalPalace-Nes,side,free,pl,none,right,left,none,crouch,jump,sword,YES,NO
BioSenshiDanIncreaserTonoTatakai-Nes,side,free,pl,none,right,left,anim-u,crouch,jump,punch,NO,NO
TinyToonAdventuresBustersHiddenTreasure-Genesis,side,free,pl,none,right,left,anim-u,crouch,jump,none,NO,NO
SpaceHarrier3D-Sms,3p,h,space_shooter,forward,right,left,up,down,shoot,shoot,NO,NO
DennisTheMenace-Snes,side,free,pl,none,right,left,none,crouch,jump,none,YES,NO
QBert-Nes,3p,fixed,action,none,right,left,jump forward,jump backward,none,none,NO,YES
Stormlord-Genesis,side,free,pl,none,right,left,none,crouch,none,none,NO,NO
ChaosEngine-Genesis,3p,free,shooter,none,none,none,none,none,none,none,NO,YES
CannonFodder-Genesis,3p,free,shooter,none,right,left,up,down,none,anim,NO,NO
FatalFury-Genesis,side,free,fight,none,none,none,none,none,none,none,NO,YES
Growl-Genesis,3p,free,shooter,none,none,none,none,none,none,none,NO,YES
Rollerball-Nes,side,free,pinball,none,paddle-l,paddle-l,paddle-l,paddle-l,paddle-r,paddle-r,NO,NO
TwinBee3PokoPokoDaimaou-Nes,top,h,space_shooter,none,right,left,up,down,shoot,shoot,NO,NO
ChiChisProChallengeGolf-Genesis,multi,fixed,action,none,right,left,none,none,none,none,NO,NO
BackToTheFuturePartIII-Genesis,side,v,other,right,right,left,anim-u,anim-d,anim,jump,NO,NO
Ikari-Nes,top,free,shooter,none,right,left,up,down,shoot,shoot,YES,NO
KungFu-Nes,side,free,fight,none,right,left,jump,crouch,punch,kick,NO,NO
GunNac-Nes,top,h,space_shooter,up,right,left,up,down,anim,shoot,NO,NO
FlyingHeroBugyuruNoDaibouken-Snes,top,h,space_shooter,up,right,left,up,down,shoot,anim,YES,NO
BramStokersDracula-Genesis,side,free,pl,none,right,left,none,crouch,none,jump,NO,NO
JungleBook-Genesis,side,free,pl,none,right,left,look-u,crouch,none,none,NO,NO
ShadowOfTheBeast-Genesis,side,free,pl,none,right,left,none,crouch,jump,punch,NO,NO
GreatCircusMysteryStarringMickeyAndMinnie-Snes,side,free,pl,none,right,left,none,crouch,jump,none,NO,NO
PsychicWorld-Sms,side,free,pl,none,right,left,none,crouch,jump,attack,NO,NO
JusticeLeagueTaskForce-Genesis,side,free,fight,none,none,none,none,none,none,none,NO,YES
Parodius-Snes,side,v,space_shooter,right,right,left,up,down,shoot,none,NO,NO
SprigganPowered-Snes,side,free,pl,right,right,left,up,down,none,shoot,NO,NO
SuperJamesPond-Snes,side,free,pl,none,right,left,none,crouch,jump,up,NO,NO
Rollergames-Nes,3p,free,fight,none,right,left,forward,backward,jump,punch,NO,NO
PopnTwinBeeRainbowBellAdventures-Snes,side,free,pl,none,right,left,look-u,crouch,jump,anim,NO,NO
LastStarfighter-Nes,top,v,space_shooter,none,right,left,up,down,none,shoot,NO,NO
Sqoon-Nes,side,v,space_shooter,right,right,left,up,down,shoot,throw,NO,NO
SuperWonderBoy-Sms,side,free,pl,none,right,left,none,none,jump,none,NO,NO
DaffyDuckInHollywood-Sms,side,free,pl,none,right,left,look-u,crouch look-d,jump,shoot,NO,NO
LegendOfKage-Nes,side,free,pl,none,right,left,climb-u,crouch,punch,throw,NO,NO
SuperArabian-Nes,side,free,pl,none,right,left,none,crouch,kick,jump,NO,NO
ChuckRock-Genesis,side,free,pl,none,right,left,none,crouch,jump,none,NO,NO
GreatWaldoSearch-Genesis,side,free,action,none,right,left,up,down,menu,none,NO,NO
CosmicEpsilon-Nes,3p,h,space_shooter,none,right,left,up,down,anim,anim,NO,NO
ShadowDancerTheSecretOfShinobi-Genesis,side,free,pl,none,right,left,none,crouch,jump,shoot,NO,NO
CastlevaniaTheNewGeneration-Genesis,side,free,pl,none,right,left,none,crouch,none,jump,NO,NO
MitsumeGaTooru-Nes,side,free,pl,none,right,left,none,none,jump,shoot,NO,NO
AlfredChicken-Snes,side,free,pl,none,right,left,look-u,crouch,jump,none,NO,NO
WereBackADinosaursStory-Snes,side,free,pl,none,right,left,climb-u,crouch,jump,none,NO,NO
CheeseCatAstropheStarringSpeedyGonzales-Genesis,side,free,pl,none,right,left,none,crouch,none,none,NO,YES
MarvelLand-Genesis,side,free,pl,none,right,left,none,crouch,none,none,YES,NO
DoubleDragonIITheRevenge-Genesis,3p,free,fight,none,right,left,forward,backward,punch,jump,NO,NO
Vigilante-Sms,side,free,fight,none,right,left,none,crouch,kick,punch,NO,NO
AeroStar-GameBoy,top,h,space_shooter,up,right,left,up,down,none,shoot,NO,NO
FistOfTheNorthStar-Nes,side,free,fight,none,right,left,jump,crouch,punch,punch,NO,NO
Sparkster-Genesis,side,free,pl,none,right,left,none,crouch,attack,jump,NO,NO
WolverineAdamantiumRage-Genesis,side,free,pl,none,right,left,attack,crouch,punch,kick,NO,NO
Adventure-Atari2600,top,free,other,none,right,left,up,down,none,none,NO,NO
BalloonFight-Nes,side,free,pl,none,right,left,none,none,anim,up,NO,NO
Asteroids-GameBoy,top,free,space_shooter,none,none,none,none,none,none,none,NO,YES
BiminiRun-Genesis,3p,h,space_shooter,forward,right,left,none,none,shoot,none,NO,YES
StarshipHector-Nes,top,h,space_shooter,up,right,left,up,down,shoot,shoot,NO,NO
MegaTurrican-Genesis,side,free,pl,none,right,left,none,crouch,jump,shoot,NO,NO
JuJuDensetsuTokiGoingApeSpit-Genesis,side,free,pl,none,right,left,none,crouch,jump,shoot,NO,NO
PopnTwinBee-Snes,3p,free,shooter,up,right,left,up,down,shoot,shoot,NO,NO
BeamRider-Atari2600,top,h,space_shooter,none,none,none,none,none,anim,anim,NO,NO
BattleZone-Atari2600,3p,fixed,action,none,none,none,none,none,none,none,NO,NO
BattleBull-GameBoy,top,free,maze,none,right,left,up,down,none,none,NO,NO
Viewpoint-Genesis,3p,h,space_shooter,up right,right,left,up,down,explode,shoot,YES,NO
BatmanReturns-Snes,3p,free,fight,none,right,left,forward,backward,jump,punch,NO,NO
CastleOfIllusion-Genesis,side,free,pl,none,right,left,none,crouch,jump,none,NO,NO
ChesterCheetahWildWildQuest-Snes,side,free,pl,none,right,left,none,crouch,anim,anim,NO,NO
MortalKombat-Genesis,side,free,fight,none,none,none,none,none,none,none,NO,YES
Alien-Atari2600,top,free,maze,none,right,left,up,down,shoot,shoot,NO,NO
TwinBee-Nes,3p,free,action,up,right,left,up,down,shoot,shoot,NO,NO
YoukaiDouchuuki-Nes,side,free,pl,none,right,left,none,crouch,jump,throw,NO,NO
FatalRewind-Genesis,side,free,pl,none,right,left,jump,crouch,jump,shoot,NO,NO
Airwolf-Nes,1p,h,sim,none,right,left,up,down,shoot,none,NO,NO
BioHazardBattle-Genesis,side,v,space_shooter,right,right,left,up,down,anim,anim,NO,NO
BladeEagle-Sms,top,h,space_shooter,up,right,left,up,down,shoot,none,NO,NO
NinjaGaidenIITheDarkSwordOfChaos-Nes,side,free,pl,none,right,left,none,crouch,jump,sword,NO,NO
GuardianLegend-Nes,top,h,space_shooter,up,right,left,up,down,none,shoot,NO,NO
MaouRenjishi-Genesis,3p,free,fight,none,right,left,forward,backward,punch,jump,NO,NO
Hook-Genesis,side,free,pl,none,right,left,none,crouch,none,jump,NO,NO
FantasyZoneTheMaze-Sms,top,free,maze,none,none,none,none,none,none,none,NO,YES
Pooyan-Nes,side,v,space_shooter,none,none,none,up,down,shoot,shoot,NO,NO
FelixTheCat-Nes,side,free,pl,none,right,left,none,crouch,jump,punch,NO,NO
EuropeanClubSoccer-Genesis,3p,free,sport,none,none,none,none,none,none,none,NO,YES
TakahashiMeijinNoBugutteHoney-Nes,side,free,pl,none,right,left,up,down,up,shoot,NO,NO
BoxingLegendsOfTheRing-Genesis,side,free,fight,none,none,none,none,none,none,none,NO,YES
DragonTheBruceLeeStory-Genesis,side,free,fight,none,right,left,jump,crouch,none,kick,NO,NO
RockinKats-Nes,side,free,pl,none,right,left,look-u,crouch,jump,punch,NO,NO
Popeye-Nes,side,free,pl,none,right,left,climb-u,climb-d,punch,none,NO,NO
SonicTheHedgehog2-Genesis,side,free,pl,none,right,left,anim-u,crouch,jump,none,NO,NO
DreamTeamUSA-Genesis,side,free,sport,none,right,left,forward,backward,none,none,NO,YES
IshidoTheWayOfStones-Genesis,top,free,other,none,right,left,up,down,menu,menu,NO,NO
SuperSmashTV-Snes,3p,free,shooter,none,right,left,up,down,shoot,shoot,NO,NO
Hurricanes-Genesis,side,free,pl,none,right,left,look-u,crouch look-d,anim,none,NO,NO
HelloKittyWorld-Nes,side,free,pl,left,right,left,none,none,up,drop,NO,NO
KungFuHeroes-Nes,3p,free,shooter,none,right,left,up,down,jump,none,NO,NO
ChubbyCherub-Nes,side,free,pl_fly,none,right,left,none,none,none,jump,NO,NO
AdventuresOfDrFranken-Snes,side,free,pl,none,right,left,none,crouch,jump,kick,NO,NO
HomeAlone-Genesis,3p,free,action,none,right,left,up,down,none,none,NO,NO
RenAndStimpyShowPresentsStimpysInvention-Genesis,side,free,pl,none,right,left,none,crouch,jump,shoot,NO,NO
Turrican-Genesis,side,free,pl,none,right,left,jump,crouch,shoot,jump,NO,NO
AirRaid-Atari2600,side,h,space_shooter,left,right,left,none,none,shoot,shoot,NO,NO
Strider-Genesis,side,free,pl,none,right,left,none,crouch,jump,attack,NO,NO
ComixZone-Genesis,3p,free,fight,none,right,left,anim,crouch,anim,jump,NO,NO
Paperboy-Sms,3p,free,shooter,up right,right,left,none,none,none,none,NO,NO
ZeroTheKamikazeSquirrel-Genesis,side,free,pl,none,right,left,none,crouch,anim,jump,NO,NO
HeavyBarrel-Nes,3p,free,shooter,up,right,left,up,down,none,shoot,NO,NO
DonkeyKong-Nes,side,free,pl,none,right,left,climb-u,climb-d,none,none,NO,NO
KaGeKiFistsOfSteel-Genesis,3p,free,fight,none,right,left,up,down,punch,punch,NO,NO
Imperium-Snes,top,h,space_shooter,up,right,left,up,down,none,shoot,NO,NO
RoboCopVersusTheTerminator-Sms,side,free,pl,none,right,left,none,crouch,jump,shoot,NO,NO
JudgeDredd-Genesis,side,free,pl,none,right,left,look-u,crouch look-d,none,jump,NO,NO
SpankysQuest-Snes,side,free,pl,none,right,left,none,none,jump,none,NO,NO
RunSaber-Snes,side,free,pl,none,right,left,none,crouch,jump,sword,NO,NO
HammerinHarry-Nes,side,free,pl,none,right,left,anim-u,crouch,jump,punch,NO,NO
FaeryTaleAdventure-Genesis,3p,free,other,none,right,left,up,down,menu,none,NO,NO
BattletoadsInBattlemaniacs-Snes,3p,free,fight,none,right,left,forward,backward,punch,jump,NO,NO
Gunship-Genesis,side,h,sim,forward,right,left,down,up,none,none,NO,NO
Punisher-Genesis,side,free,fight,none,right,left,forward,backward,none,jump,NO,NO
Axelay-Snes,3p,h,space_shooter,forward,right,left,up,down,shoot,none,NO,NO
ShaqFu-Genesis,side,free,fight,none,right,left,jump,crouch,kick,kick,NO,YES
BadDudes-Nes,side,free,pl,none,right,left,none,crouch,punch,jump,NO,NO
CutthroatIsland-Genesis,side,free,pl,none,right,left,forward,backward,jump,sword,NO,NO
SuperHangOn-Genesis,3p,h,race,none,none,none,none,none,none,none,NO,YES
AstroRabby-GameBoy,top,h,shooter,up,right,left,up,down,anim,none,NO,NO
Sparkster-Snes,side,free,pl,none,right,left,look-u,crouch look-d,jump,shoot,NO,NO
FinalFightGuy-Snes,side,free,fight,none,right,left,forward,backward,jump,punch,NO,NO
ChopperCommand-Atari2600,side,free,space_shooter,none,left,right,up,down,shoot,shoot,NO,YES
BarkleyShutUpAndJam2-Genesis,3p,free,sport,none,none,none,none,none,none,none,NO,YES
NewZealandStory-Genesis,side,free,pl,none,right,left,none,none,none,jump,NO,NO
OutToLunch-Snes,side,free,pl,none,right,left,none,crouch,jump,none,NO,NO
Claymates-Snes,side,free,pl,none,right,left,none,none,none,attack,NO,YES
MegaMan-Nes,side,free,pl,none,right,left,climb-u,climb-d,jump,shoot,NO,NO
TargetRenegade-Nes,3p,free,fight,none,right,left,forward,backward,punch,kick,NO,NO
Shatterhand-Nes,side,free,pl,none,right,left,none,crouch,jump,punch,NO,NO
GlobalDefense-Sms,side,v,space_shooter,right,right,left,up,down,shoot,none,NO,NO
Robotank-Atari2600,1p,h,sim,none,right,left,forward,backward,shoot,shoot,NO,NO
BubsyInClawsEncountersOfTheFurredKind-Snes,side,free,pl,none,right,left,look-u,none,jump,jump,NO,NO
RadicalRex-Genesis,side,free,pl,none,right,left,none,crouch,jump,attack,NO,NO
Phoenix-Atari2600,side,h,space_shooter,none,right,left,none,anim,shoot,shoot,NO,NO
AdventureIslandII-Nes,side,free,pl,none,right,left,none,none,jump,none,NO,NO
SteelTalons-Genesis,3p,h,sim,none,right,left,none,down,none,none,NO,NO
IncredibleCrashDummies-Genesis,side,free,pl,none,right,left,none,crouch,jump,throw,NO,NO
FantasyZoneIIOpaOpaNoNamida-Nes,side,free,space_shooter,left,right,left,up,down,none,shoot,NO,NO
SuperMarioWorld-Snes,side,free,pl,none,right,left,anim-u,crouch,jump,none,NO,NO
SkyShark-Nes,top,h,space_shooter,up,right,left,up,down,shoot,shoot,NO,NO
ThunderForceII-Genesis,top,h,space_shooter,none,right,left,up,down,none,shoot,YES,NO
BattletoadsDoubleDragon-Snes,3p,free,fight,right,right,left,forward,backward,punch,jump,NO,NO
Breakout-Atari2600,side,h,pong,none,right,left,none,none,shoot,shoot,NO,NO
Wardner-Genesis,side,free,pl,none,right,left,none,crouch,jump,throw,NO,NO
Hurricanes-Snes,side,free,pl,none,right,left,look-u,crouch look-d,jump,anim,NO,NO
Xenophobe-Nes,side,free,action,none,none,none,none,none,none,none,YES,NO
GreatTank-Nes,3p,free,shooter,none,right,left,up,down,shoot,shoot,NO,NO
TinyToonAdventures-Nes,side,free,pl,none,right,left,none,crouch,jump,jump,YES,NO
SuperStarWarsReturnOfTheJedi-Snes,3p,h,space_shooter,forward,right,left,anim-d,anim-u,anim,jump,NO,NO
Granada-Genesis,top,free,shooter,none,right,left,up,down,shoot,none,YES,NO
TeenageMutantNinjaTurtles-Nes,side,free,pl,none,right,left,climb-u,climb-d,jump,punch,NO,NO
RastanSagaII-Genesis,side,free,pl,none,right,left,anim-u,crouch,none,jump,YES,NO
MyHero-Sms,side,free,fight,none,right,left,none,crouch,punch,jump,NO,NO
MoeroTwinBeeCinnamonHakaseOSukue-Nes,side,v,space_shooter,right,right,left,up,down,anim,shoot throw,NO,NO
TimePilot-Atari2600,side,free,shooter,none,none,none,none,none,none,none,NO,NO
IceClimber-Nes,side,free,pl,none,right,left,none,none,jump,punch,NO,NO
AdventuresOfBayouBilly-Nes,3p,free,fight,none,right,left,none,none,kick,punch,NO,NO
HangOn-Sms,3p,h,race,none,none,none,none,none,none,none,NO,YES
TetrisAttack-Snes,3p,free,other,none,right,left,up,down,anim,none,NO,NO
Kangaroo-Atari2600,side,free,pl,none,none,none,none,none,none,none,NO,NO
RocketKnightAdventures-Genesis,side,free,pl,none,right,left,none,crouch,none,jump,NO,NO
LastActionHero-Snes,side,free,pl,none,right,left,none,crouch,jump,punch,NO,YES
ZeroTheKamikazeSquirrel-Snes,side,free,pl,none,right,left,none,crouch,jump,shoot,NO,NO
Parodius-Nes,side,v,space_shooter,right,right,left,up,down,none,shoot,NO,NO
Renegade-Nes,3p,free,fight,none,right,left,up,down,punch,kick,NO,NO
Assault-Atari2600,side,h,space_shooter,none,right,left,shoot,none,none,none,NO,NO
ChuckRockIISonOfChuck-Sms,side,free,pl,none,right,left,none,anim-d,jump,attack,NO,NO
SuperSpaceInvaders-Sms,side,h,space_shooter,none,right,left,none,none,none,shoot,YES,NO
AcceleBrid-Snes,3p,h,space_shooter,forward,right,left,up,down,none,shoot,NO,NO
ChesterCheetahTooCoolToFool-Genesis,side,free,pl,none,right,left,none,crouch,jump,none,NO,NO
SimpsonsBartVsTheWorld-Nes,side,free,pl,none,right,left,none,crouch,jump,none,NO,NO
SuperValisIV-Snes,side,free,fight,none,right,left,none,crouch,jump,sword,NO,NO
WizardsAndWarriors-Nes,side,free,pl,none,right,left,none,crouch,jump,sword,NO,NO
CatNindenTeyandee-Nes,side,free,pl,none,right,left,none,none,jump,attack,NO,NO
IncredibleHulk-Sms,side,free,pl,none,right,left,none,crouch,jump,punch,NO,NO
CaptainAmericaAndTheAvengers-Snes,3p,free,fight,none,right,left,forward,backward,jump,punch,NO,NO
AirDiver-Genesis,3p,h,sim,forward,right,left,up,down,none,none,NO,NO
Cameltry-Snes,side,free,action,none,turn-r,turn-l,anim,none,none,turn-r,NO,NO
JajamaruNoDaibouken-Nes,side,free,pl,none,right,left,none,none,jump,shoot,NO,NO
CobraTriangle-Nes,3p,h,space_shooter,none,rotate-r,rotate-l,none,none,shoot,move,NO,NO
Paperboy-Nes,3p,free,shooter,up right,right,left,none,none,shoot,shoot,NO,NO
Gradius-Nes,side,v,space_shooter,right,right,left,up,down,shoot,none,NO,NO
TaiyouNoYuushaFighbird-Nes,top,h,space_shooter,up,right,left,up,down,menu,shoot,YES,NO
PizzaPop-Nes,side,free,pl,none,right,left,none,crouch,jump,attack,NO,NO
MegaMan2-Nes,side,free,pl,none,right,left,none,none,jump,shoot,NO,NO
Cliffhanger-Nes,side,free,pl,none,right,left,none,crouch,jump,none,NO,NO
ColumnsIII-Genesis,side,free,tetris,none,none,none,none,none,none,none,NO,YES
HomeAlone2LostInNewYork-Nes,side,free,action,none,right,left,forward,crouch,jump,none,NO,NO
FinalFight3-Snes,side,free,fight,none,right,left,forward,backward,jump,punch,NO,NO
BattleArenaToshinden-GameBoy,side,free,fight,none,none,none,none,none,none,none,NO,YES
GrindStormer-Genesis,top,h,space_shooter,up,right,left,up,down,shoot,anim,NO,NO
Xenon2Megablast-Genesis,top,h,space_shooter,up,right,left,up,down,none,none,NO,NO
StoneProtectors-Snes,3p,free,fight,none,right,left,forward,backward,jump,none,NO,NO
FantasyZone-Sms,side,v,space_shooter,right,right,left,up,down,throw,shoot,NO,NO
MoonPatrol-Atari2600,side,h,space_shooter,right,right,left,jump,none,shoot,shoot,NO,NO
Cliffhanger-Snes,3p,free,fight,none,right,left,forward,backward,kick,punch,NO,NO
BlockKuzushiGB-GameBoy,side,h,pong,none,right,left,none,none,shoot,none,NO,NO
KaiteTsukutteAsoberuDezaemon-Snes,top,h,space_shooter,up,right,left,up,down,explode,shoot,NO,NO
DonkeyKongCountry3DixieKongsDoubleTrouble-Snes,side,free,pl,none,right,left,none,crouch,jump,none,NO,NO
FrontLine-Nes,3p,free,shooter,none,right,left,up,down,throw,shoot,NO,NO
DragonSpiritTheNewLegend-Nes,top,h,space_shooter,up,right,left,up,down,shoot,none,NO,NO
DazeBeforeChristmas-Genesis,side,free,pl,none,right,left,look-u,crouch,shoot,jump,NO,NO
BubbleBobble-Sms,side,free,pl,none,right,left,none,none,jump,shoot,NO,NO
AtomicRoboKid-Genesis,side,free,pl,none,right,left,none,none,none,jump,NO,NO
UchuuNoKishiTekkamanBlade-Snes,side,v,space_shooter,right,right,left,up,down,sword,none,NO,NO
SpyHunter-Nes,top,h,action,none,none,none,move,none,none,shoot,NO,NO
AeroTheAcroBat2-Snes,side,free,pl,none,right,left,none,none,jump,none,NO,NO
MonsterInMyPocket-Nes,side,free,pl,none,right,left,none,crouch,jump,attack,NO,NO
AddamsFamilyPugsleysScavengerHunt-Nes,side,free,pl,none,right,left,enter,crouch,jump,none,NO,NO
BurningForce-Genesis,3p,h,space_shooter,none,right,left,none,none,none,shoot,NO,NO
ViceProjectDoom-Nes,top,h,space_shooter,up,right,left,up,none,none,shoot,YES,NO
AfterBurst-GameBoy,side,free,pl,none,right,left,aim-u,aim-d,jump,shoot,NO,NO
BreakThru-Nes,3p,free,shooter,right,right,left,up,down,jump,shoot,NO,NO
Gauntlet-Genesis,top,free,shooter,none,right,left,up,down,menu,shoot,NO,NO
Gaiares-Genesis,side,free,space_shooter,none,right,left,up,down,shoot,shoot,NO,NO
AsterixAndTheGreatRescue-Sms,side,free,pl,none,right,left,none,crouch,none,jump,NO,NO
SpaceInvaders-Snes,side,h,space_shooter,none,right,left,none,none,shoot,shoot,NO,NO
LegendOfGalahad-Genesis,side,free,pl,none,right,left,none,crouch,none,jump,YES,NO
CacomaKnightInBizyland-Snes,top,free,action,none,right,left,up,down,none,none,NO,NO
LegendOfPrinceValiant-Nes,3p,free,fight,none,right,left,none,crouch,jump,shoot,NO,NO
SuperMarioBros-Nes,side,free,pl,none,right,left,none,none,jump,none,NO,NO
StreetFighterIISpecialChampionEdition-Genesis,side,free,fight,none,none,none,none,none,none,none,NO,YES
WiznLiz-Genesis,side,free,pl,none,right,left,anim-u,crouch,jump,jump,NO,NO
MontezumaRevenge-Atari2600,side,free,pl,none,right,left,climb-u,climb-d,jump,jump,NO,NO
AdventuresOfDinoRiki-Nes,3p,free,shooter,up,right,left,up,down,jump,shoot,NO,NO
NormysBeachBabeORama-Genesis,side,free,pl,none,right,left,look-u,crouch,none,jump,YES,NO
KanshakudamaNageKantarouNoToukaidouGojuusanTsugi-Nes,side,free,pl,none,right,left,none,crouch,none,none,NO,YES
SDHeroSoukessenTaoseAkuNoGundan-Nes,side,free,pl,none,right,left,none,crouch,jump,kick,NO,NO
Predator2-Sms,3p,free,shooter,right,right,left,forward,backward,none,shoot,YES,NO
Marko-Genesis,side,free,pl,none,right,left,none,crouch,kick,jump,NO,NO
SuperDoubleDragon-Snes,3p,free,fight,none,right,left,forward,backward,none,punch,NO,NO
HeavyUnitMegaDriveSpecial-Genesis,side,v,space_shooter,right,right,left,up,down,shoot,none,NO,NO
MegaManTheWilyWars-Genesis,side,free,pl,none,right,left,none,none,jump,shoot,NO,NO
HardDrivin-Genesis,1p,fixed,sim,none,none,none,forward,none,none,none,NO,NO
DigDugIITroubleInParadise-Nes,top,free,shooter,none,right,left,up,down,anim,none,NO,NO
JoeAndMac-Genesis,side,free,fight,none,right,left,none,crouch,jump,throw,YES,NO
Arkanoid-Nes,side,h,pong,none,right,left,shoot,shoot,shoot,shoot,NO,NO
PowerStrike-Sms,top,h,space_shooter,up,right,left,up,down,shoot,shoot,NO,NO
DragonsLair-Snes,side,free,pl,none,right,left,none,crouch,jump,throw,NO,NO
XKaliber2097-Snes,side,free,fight,none,right,left,none,crouch,jump,none,NO,YES
AstroWarrior-Sms,top,h,space_shooter,none,right,left,up,down,shoot,shoot,NO,NO
T2TheArcadeGame-Sms,1p,free,space_shooter,none,right,left,up,down,shoot,shoot,NO,NO
UruseiYatsuraLumNoWeddingBell-Nes,side,free,pl,none,right,left,none,crouch,jump,shoot,NO,NO
T2TheArcadeGame-Genesis,3p,free,space_shooter,none,right,left,up,down,none,shoot,NO,NO
PenguinKunWars-Nes,3p,fixed,action,none,right,left,none,none,none,none,NO,NO
DickTracy-Sms,3p,free,shooter,none,right,left,none,crouch,jump,shoot,NO,NO
ToxicCrusaders-Genesis,3p,free,fight,right,right,left,forward,backward,jump,shoot,NO,NO
SonicTheHedgehog-Genesis,side,free,pl,none,right,left,look-u,crouch,jump,jump,NO,YES
SimpsonsBartmanMeetsRadioactiveMan-Nes,3p,free,fight,none,right,left,none,crouch,jump,punch,NO,NO
NinjaKid-Nes,side,free,pl,none,right,left,none,crouch,jump,shoot,NO,NO
CastlevaniaDraculaX-Snes,side,free,fight,none,right,left,none,crouch,jump,attack,NO,NO
SilverSurfer-Nes,side,v,space_shooter,right,right,left,up,down,shoot,none,NO,NO
SamuraiShodown-Genesis,side,free,fight,none,none,none,none,none,none,none,NO,YES
Untouchables-Nes,side,fixed,action,none,right,left,none,none,none,none,NO,NO
BladesOfVengeance-Genesis,side,free,pl,none,right,left,none,crouch,jump,sword,NO,NO
GhostsnGoblins-Nes,side,free,pl,none,right,left,none,crouch,jump,shoot,NO,NO
RoboCop3-Sms,side,free,pl,none,right,left,none,crouch,jump,shoot,NO,NO
MsPacMan-Nes,top,free,maze,none,right,left,up,down,none,none,NO,YES
SwampThing-Nes,side,free,pl,none,right,left,none,crouch,jump,none,NO,NO
TazMania-Snes,3p,h,race,none,right,left,forward,backward,jump,jump,NO,NO
Mask-Snes,side,free,pl,none,right,left,none,crouch,jump,punch,NO,NO
AsterixAndObelix-GameBoy,side,free,pl,none,right,left,none,crouch,jump,punch,NO,NO
RangerX-Genesis,side,free,pl,none,right,left,up,crouch,shoot,shoot,YES,NO
DariusTwin-Snes,side,v,space_shooter,right,right,left,up,down,throw,shoot,YES,NO
IzzysQuestForTheOlympicRings-Snes,side,free,pl,none,right,left,anim-u,look-d,none,none,NO,YES
XDRXDazedlyRay-Genesis,side,v,space_shooter,right,right,left,up,down,none,none,YES,NO
BlaZeonTheBioCyborgChallenge-Snes,side,v,space_shooter,right,right,left,up,down,shoot,shoot,YES,NO
BoogermanAPickAndFlickAdventure-Genesis,side,free,pl,none,right,left,none,crouch,none,jump,NO,YES
Seaquest-Atari2600,side,free,space_shooter,none,none,none,none,none,none,none,NO,NO
DesertStrikeReturnToTheGulf-Genesis,3p,h,space_shooter,none,rotate-r,rotate-l,move,move,shoot,shoot,NO,NO
ThunderBlade-Sms,top,h,space_shooter,none,right,left,up,down,down,down,NO,NO
MrNutz-Genesis,side,free,pl,none,right,left,anim-u,crouch,none,jump,NO,NO
BramStokersDracula-Nes,side,free,pl,none,right,left,look-u,crouch look-d,jump,sword,NO,NO
BoulderDash-Nes,top,free,grid,none,right,left,up,down,none,none,NO,NO
CombatCars-Genesis,top,h,race,none,rotate-r,rotate-l,none,none,none,move,NO,NO
JamesPond2CodenameRoboCod-Sms,side,free,pl,none,right,left,none,crouch,fly,jump,NO,NO
PeaceKeepers-Snes,3p,free,fight,none,right,left,forward,backward,jump,punch,NO,NO
FrankThomasBigHurtBaseball-Genesis,3p,free,action,none,none,none,none,none,none,none,NO,YES
LethalEnforcersIIGunFighters-Genesis,1p,free,shooter,none,right,left,up,down,none,none,NO,NO
JoeAndMac2LostInTheTropics-Snes,side,free,pl,none,right,left,anim-u,crouch,jump,none,NO,NO
IndianaJonesAndTheLastCrusade-Genesis,side,free,pl,none,right,left,none,crouch,jump,attack,NO,NO
Jaws-Nes,top,free,shooter,none,right,left,up,down,none,none,NO,NO
AdventuresOfMightyMax-Snes,side,free,pl,none,right,left,none,crouch,jump,shoot,NO,NO
Punisher-Nes,side,h,space_shooter,right,right,left,none,none,shoot,shoot,NO,NO
SonicBlast-Sms,side,free,pl,none,right,left,look-u,crouch,jump,none,NO,NO
SuperWidget-Snes,side,free,pl,none,right,left,none,crouch,jump,punch,NO,NO
ItchyAndScratchyGame-Snes,side,free,pl,none,right,left,none,none,none,none,NO,NO
WonderBoyInMonsterWorld-Sms,side,free,pl,none,right,left,none,crouch,jump,attack,NO,NO
AddamsFamily-Genesis,side,free,pl,none,right,left,enter,crouch,none,jump,NO,NO
RoboCop3-Snes,side,free,fight,none,right,left,none,crouch,jump,shoot,NO,NO
SenjouNoOokamiIIMercs-Genesis,3p,free,shooter,none,right,left,up,down,shoot,shoot,NO,NO
AmazingPenguin-GameBoy,top,free,maze,none,right,left,up,down,none,none,NO,NO
ElViento-Genesis,side,free,pl,none,right,left,none,crouch,shoot,jump,NO,NO
FireAndIce-Sms,side,free,pl,none,right,left,look-u,crouch look-d,shoot,jump,NO,NO
LifeForce-Nes,side,v,space_shooter,right,right,left,up,down,none,shoot,NO,NO
AeroTheAcroBat2-Genesis,side,free,pl,none,right,left,none,crouch,none,none,NO,NO
Challenger-Nes,side,free,pl,none,right,left,none,crouch,shoot,jump,NO,NO
BadStreetBrawler-Nes,side,free,pl,none,right,left,jump,crouch,kick,punch,NO,NO
SonicAndKnuckles-Genesis,side,free,pl,none,right,left,anim-u,crouch,jump,jump,NO,NO
Caliber50-Genesis,3p,free,fight,none,right,left,up,down,anim,shoot,YES,NO
PrivateEye-Atari2600,side,free,action,none,right,left,none,none,pause,pause,NO,NO
DarkCastle-Genesis,side,free,pl,none,right,left,anim-u,none,throw,crouch,NO,NO
TazMania-Genesis,side,free,pl,none,right,left,none,none,jump,anim,NO,NO
Sagaia-Genesis,side,v,space_shooter,right,right,left,up,down,shoot,throw,YES,YES
DJBoy-Genesis,3p,free,fight,right,right,left,up,down,jump,kick,NO,NO
DinoCity-Snes,side,free,pl,none,right,left,none,crouch,jump,anim,YES,NO
ESPNBaseballTonight-Genesis,1p,fixed,sport,none,none,none,none,none,none,none,NO,YES
ArchRivalsTheArcadeGame-Genesis,3p,free,sport,none,right,left,forward,backward,attack,none,NO,YES
TreasureMaster-Nes,side,free,pl,none,right,left,none,crouch,jump,none,NO,NO
FamilyDog-Snes,side,free,pl,none,right,left,none,crouch,jump,attack,NO,NO
SuperC-Nes,side,free,pl,none,right,left,anim-u,crouch,jump,shoot,NO,NO
Flintstones-Snes,side,free,pl,none,right,left,none,crouch look-d,none,attack,NO,NO
Paperboy-Genesis,3p,free,shooter,none,right,left,forward,none,throw,throw,NO,NO
SydOfValis-Genesis,side,free,pl,none,right,left,none,crouch,jump,shoot,NO,NO
NARC-Nes,3p,free,shooter,none,right,left,forward,backward,shoot,crouch,NO,NO
DoubleDragon-Nes,3p,free,fight,none,right,left,forward,backward,none,none,NO,NO
KaiketsuYanchaMaru3TaiketsuZouringen-Nes,side,free,pl,none,right,left,none,crouch,jump,attack,YES,NO
FZSenkiAxisFinalZone-Genesis,3p,free,shooter,none,right,left,up,down,menu,shoot,NO,NO
SuperMarioBros3-Nes,side,free,pl,none,right,left,none,none,jump,none,NO,NO
BirdWeek-Nes,side,free,pl_fly,right,right,left,up,down,none,none,NO,NO
PussNBootsPerosGreatAdventure-Nes,side,free,pl,right,right,left,anim-u,crouch,jump,shoot,NO,YES
GainGround-Genesis,3p,free,shooter,none,none,none,menu,menu,anim,anim,NO,NO
FoxsPeterPanAndThePiratesTheRevengeOfCaptainHook-Nes,side,free,pl,none,right,left,none,crouch,jump,sword,NO,NO
SpeedyGonzalesLosGatosBandidos-Snes,side,free,pl,none,right,left,look-u,look-d,jump,kick,NO,NO
RushnAttack-Nes,side,free,pl,none,right,left,jump,crouch,none,punch,NO,NO
Shinobi-Sms,side,free,pl,none,right,left,anim-u,crouch,jump,shoot,NO,NO
CannonFodder-Snes,3p,free,action,none,right,left,up,down,anim,menu,NO,NO
DimensionForce-Snes,top,h,space_shooter,none,right,left,up,down,shoot,none,NO,NO
McDonaldsTreasureLandAdventure-Genesis,side,free,pl,none,right,left,none,crouch,jump,shoot,NO,NO
BubsyInClawsEncountersOfTheFurredKind-Genesis,side,free,pl,none,right,left,look-u,none,crouch,jump,NO,NO
JamesPondIICodenameRobocod-Genesis,side,free,pl,none,right,left,none,crouch,fly,jump,NO,NO
BattleSquadron-Genesis,top,h,space_shooter,up,right,left,up,down,shoot,anim,YES,NO
BoulderDash-GameBoy,top,free,grid,none,right,left,up,down,none,none,YES,NO
SupermanTheManOfSteel-Sms,side,free,pl,none,right,left,none,crouch,punch,jump,NO,NO
FormationZ-Nes,side,free,pl,right,right,left,none,none,jump,shoot,NO,NO
HarleysHumongousAdventure-Snes,side,free,pl,none,right,left,none,crouch,jump,none,NO,NO
SonicWings-Snes,top,h,space_shooter,up,right,left,up,down,explode,shoot,YES,NO
IMGInternationalTourTennis-Genesis,3p,free,other,none,none,none,none,none,none,none,NO,YES
ThunderForceIII-Genesis,side,v,space_shooter,right,right,left,up,down,none,shoot,YES,NO
ChoplifterIIIRescueSurvive-Snes,side,free,space_shooter,none,right,left,up,none,shoot,none,NO,NO
MegaSWIV-Genesis,top,free,shooter,up,right,left,up,down,none,shoot,NO,NO
StarWars-Nes,side,free,pl,none,right,left,none,crouch,jump,shoot,NO,NO
TeenageMutantNinjaTurtlesIITheArcadeGame-Nes,3p,free,pl,none,right,left,forward,backward,jump,sword,NO,NO
OperationWolf-Nes,1p,free,shooter,left,right,left,up,down,shoot,shoot,NO,NO
AlteredBeast-Genesis,side,free,pl,right,right,left,none,crouch,jump,kick,NO,NO
AeroFighters-Snes,top,h,space_shooter,up,right,left,up,down,none,shoot,YES,NO
Renegade-Sms,3p,free,fight,none,right,left,up,down,kick,punch,NO,NO
BronkieTheBronchiasaurus-Snes,side,free,pl,none,right,left,none,crouch,jump,sword,NO,NO
LethalEnforcers-Genesis,1p,free,shooter,none,right,left,up,down,none,shoot,NO,NO
KirbysAdventure-Nes,side,free,pl,none,right,left,up,crouch,jump,anim,NO,NO
AlienSyndrome-Sms,3p,free,shooter,none,right,left,up,down,menu,none,YES,NO
Wolfchild-Snes,side,free,pl,none,right,left,none,crouch,jump,punch,NO,NO
AdventuresOfBatmanAndRobin-Genesis,3p,free,fight,none,right,left,none,crouch,shoot,jump,NO,NO
SuperThunderBlade-Genesis,3p,h,space_shooter,forward,right,left,down,up,shoot,none,NO,NO
JellyBoy-Snes,side,free,pl,none,right,left,forward,backward,none,none,NO,NO
YoukaiClub-Nes,side,free,pl,none,right,left,none,crouch,jump,shoot,YES,NO
DirtyHarry-Nes,side,free,pl,none,right,left,none,crouch,shoot,punch,NO,NO
TeenageMutantNinjaTurtlesTournamentFighters-Genesis,side,free,fight,none,right,left,jump,crouch,anim,kick,NO,YES
StarSoldier-Nes,top,h,space_shooter,up,right,left,up,down,shoot,shoot,NO,NO
Ninja-Sms,3p,free,fight,none,right,left,up,down,shoot,shoot,NO,NO
AsterixAndThePowerOfTheGods-Genesis,side,free,pl,none,right,left,look-u,crouch,none,jump,NO,NO
Thexder-Nes,side,free,other,none,right,left,up,down,shoot,none,NO,NO
JungleBook-Snes,side,free,pl,none,right,left,look-u,crouch,jump,shoot,NO,NO
GIJoeARealAmericanHero-Nes,side,free,pl,none,right,left,none,crouch,jump,punch,NO,NO
Phelios-Genesis,top,h,space_shooter,none,right,left,up,down,shoot,shoot,NO,NO
BanishingRacer-GameBoy,side,free,pl,none,right,left,none,none,jump,none,NO,NO
Stinger-Nes,side,v,space_shooter,right,right,left,up,down,none,none,NO,YES
Geimos-Nes,3p,h,space_shooter,forward,right,left,up,down,shoot,shoot,NO,NO
TeenageMutantNinjaTurtlesIVTurtlesInTime-Snes,side,free,fight,none,right,left,forward,backward,jump,sword,YES,NO
SmashTV-Nes,top,free,shooter,none,right,left,up,down,shoot,shoot,NO,NO
PitFighter-Genesis,side,free,fight,none,right,left,forward,backward,none,none,NO,NO
BeautyAndTheBeastBellesQuest-Genesis,side,free,pl,none,right,left,none,none,none,jump,NO,NO
Asteroids-Atari2600,top,free,space_shooter,none,rotate-r,rotate-l,up,down,none,none,YES,NO
JamesBond007TheDuel-Sms,side,free,pl,none,right,left,none,crouch,shoot,jump,YES,NO
SkuljaggerRevoltOfTheWesticans-Snes,side,free,pl,none,right,left,none,crouch,jump,sword,NO,NO
BioMiracleBokutteUpa-Nes,side,free,pl,none,right,left,none,none,jump,sword,NO,NO
DoubleDragonIITheRevenge-Nes,3p,free,fight,none,right,left,forward,backward,none,none,NO,NO
CaliforniaGames-Genesis,side,free,action,none,right,left,none,turn,shoot up,shoot up,NO,YES
BarkleyShutUpAndJam-Genesis,3p,free,sport,none,right,left,forward,backward,anim,none,NO,YES
SimpsonsBartVsTheSpaceMutants-Nes,side,free,pl,none,right,left,none,none,jump,none,NO,NO
F1-Genesis,1p,free,race,none,none,none,none,none,none,none,NO,NO
SimpsonsBartVsTheSpaceMutants-Genesis,side,free,pl,none,right,left,none,none,anim,jump,NO,NO
Enduro-Atari2600,3p,h,race,none,right,left,none,none,anim,anim,NO,NO
Sansuu5And6NenKeisanGame-Nes,side,v,space_shooter,right,right,left,up,down,shoot,none,NO,NO
SnowBrothers-Nes,side,free,pl,none,right,left,none,none,jump,none,NO,NO
FerrariGrandPrixChallenge-Genesis,1p,h,race,none,none,none,none,none,none,none,NO,NO
WreckingCrew-Nes,side,free,pl,none,right,left,none,none,attack,attack,NO,NO
CutieSuzukiNoRingsideAngel-Genesis,side,free,fight,none,right,left,forward,backward,none,none,NO,YES
Ottifants-Genesis,side,free,pl,none,right,left,none,crouch,none,none,NO,NO
Boxing-Atari2600,top,free,action,none,right,left,up,down,attack,attack,NO,NO
GalaxyForceII-Genesis,3p,free,shooter,none,none,none,none,none,none,none,NO,YES
ChouFuyuuYousaiExedExes-Nes,top,h,space_shooter,up,right,left,up,down,shoot,anim,YES,NO
PinkGoesToHollywood-Genesis,side,free,pl,none,right,left,anim-u,crouch,jump,punch,NO,NO
MonsterParty-Nes,side,free,pl,none,right,left,none,crouch,none,sword,NO,NO
BubsyII-Snes,side,free,pl,none,right,left,none,none,jump,jump,NO,NO
PiratesOfDarkWater-Snes,side,free,pl,none,right,left,forward,backward,jump,punch,NO,NO
ThunderFox-Genesis,side,free,pl,none,right,left,none,crouch,none,jump,NO,NO
CluCluLand-Nes,top,free,grid,none,right-c right,left-c left,up-c up,down-c down,anim,anim,NO,NO
MrNutz-Snes,side,free,pl,none,right,left,anim-u,crouch,jump,punch,NO,NO
DevilCrashMD-Genesis,side,fixed,pinball,none,none,none,none,none,none,none,NO,NO
BoogieWoogieBowling-Genesis,side,h,action,none,none,none,none,none,none,none,NO,YES
PacManNamco-Nes,top,free,maze,none,right,left,up,down,none,none,NO,NO
OverHorizon-Nes,side,v,space_shooter,right,right,left,up,down,shoot,shoot left,YES,NO
TerraCresta-Nes,top,h,space_shooter,up,right,left,up,down,none,shoot,NO,NO
ElevatorAction-Atari2600,side,free,pl,none,right,left,up,crouch,shoot,shoot,NO,YES
Gyrodine-Nes,top,h,space_shooter,up,right,left,up,down,shoot,shoot,NO,NO
SpaceHarrierII-Genesis,3p,free,space_shooter,forward,right,left,up,down,shoot,shoot,NO,NO
Plok-Snes,side,free,pl,none,right,left,none,crouch,jump,shoot,NO,NO
DashGalaxyInTheAlienAsylum-Nes,top,free,grid,none,right,left,up,down,none,none,NO,NO
VRTroopers-Genesis,side,free,fight,none,none,none,none,none,none,none,NO,YES
KidKlownInCrazyChase-Snes,3p,free,pl,none,none,none,none,none,none,none,NO,YES
KingOfTheMonsters2-Genesis,side,free,fight,none,none,none,none,none,none,none,NO,YES
AtlantisNoNazo-Nes,side,free,pl,none,right,left,none,crouch,jump,shoot,NO,NO
MagicSword-Snes,side,free,pl,none,right,left,none,crouch,jump,shoot,NO,NO
ZoolNinjaOfTheNthDimension-Snes,side,free,pl,none,right,left,none,crouch,shoot,jump,YES,NO
ArkistasRing-Nes,3p,free,shooter,none,right,left,up,down,attack,none,NO,NO
TransBot-Sms,side,free,space_shooter,right,right,left,up,down,none,none,NO,NO
MsPacMan-Genesis,top,free,maze,none,none,none,none,none,none,none,NO,YES
NinjaGaiden-Sms,side,free,pl,none,right,left,none,crouch,jump,sword,NO,NO
ChikiChikiBoys-Genesis,side,free,pl,none,right,left,none,crouch,jump,sword,NO,NO
DonkeyKong3-Nes,side,free,pl,none,right,left,jump,none,shoot,shoot,NO,NO
BattletoadsDoubleDragon-Genesis,side,free,pl,right,right,left,forward,backward,punch,jump,NO,NO
StreetsOfRage3-Genesis,3p,free,fight,none,right,left,forward,backward,jump,punch,NO,NO
StarGunner-Atari2600,side,v,space_shooter,right,right,left,up,down,shoot,shoot,NO,NO
SuperSmashTV-Genesis,top,free,shooter,none,right,left,up,down,shoot,shoot left,NO,NO
AfterBurnerII-Genesis,3p,free,space_shooter,none,none,none,none,none,none,none,NO,YES
CircusCharlie-Nes,side,free,pl,none,right,left,none,none,jump,jump,NO,NO
GreatCircusMysteryStarringMickeyAndMinnie-Genesis,side,free,pl,none,right,left,none,crouch,none,jump,NO,NO
TeenageMutantNinjaTurtlesTournamentFighters-Nes,side,free,fight,none,none,none,none,none,none,none,NO,YES
BOB-Snes,side,free,pl,none,right,left,aim-u,crouch,jump,shoot,NO,YES
Argus-Nes,top,h,space_shooter,none,right,left,up,down,shoot,shoot,NO,NO
XMenMojoWorld-Sms,side,free,pl,none,right,left,none,crouch,jump,punch,NO,NO
ChoujikuuYousaiMacross-Nes,side,v,space_shooter,none,right,left,up,down,none,none,NO,YES
Choplifter-Nes,side,free,space_shooter,none,none,none,up,none,none,none,NO,NO
AeroTheAcroBat-Snes,side,free,pl,none,right,left,none,crouch,jump,none,NO,NO
Cadash-Genesis,side,free,pl,none,right,left,none,crouch,jump,sword,NO,NO
RamboIII-Genesis,3p,free,shooter,none,right,left,up,down,shoot,anim,NO,NO
WorldHeroes-Genesis,side,free,fight,none,none,none,none,none,none,none,NO,YES
MightyBombJack-Nes,side,free,pl,none,right,left,none,none,jump,none,NO,NO
LastActionHero-Genesis,side,free,fight,none,right,left,none,crouch,jump,punch,NO,YES
TroubleShooter-Genesis,side,free,space_shooter,right,right,left,up,down,none,shoot,NO,NO
IsolatedWarrior-Nes,3p,h,space_shooter,up right,right,left,up,down,jump,shoot,NO,NO
Alleyway-GameBoy,side,h,pong,none,right,left,none,none,shoot,none,NO,NO
HighStakesGambling-GameBoy,side,fixed,action,none,none,none,none,none,none,anim,NO,NO
MightyMorphinPowerRangersTheMovie-Genesis,side,free,pl,none,right,left,forward,backward,jump,punch,NO,NO
DragonsRevenge-Genesis,side,fixed,pinball,none,paddle-l,paddle-l,paddle-l,paddle-l,none,paddle-r,NO,NO
CloudMaster-Sms,side,free,pl_fly,right,right,left,up,down,none,none,NO,NO
KidNikiRadicalNinja-Nes,side,free,pl,none,right,left,none,crouch,jump,sword,NO,NO
Incantation-Snes,side,free,pl,none,right,left,none,crouch,none,none,NO,NO
Ikki-Nes,3p,free,shooter,none,right,left,up,down,anim,anim,NO,NO
Pong-Atari2600,side,v,pong,none,none,none,up,down,none,none,NO,NO
Jamesbond-Atari2600,side,v,space_shooter,none,none,none,none,none,shoot,shoot,NO,NO
DariusII-Genesis,side,v,space_shooter,right,right,left,up,down,shoot,throw,YES,NO
BoogermanAPickAndFlickAdventure-Snes,side,free,pl,none,right,left,none,crouch,jump,anim,NO,YES
Conan-Nes,side,free,pl,none,right,left,jump,jump right,punch,kick,NO,NO
IronSwordWizardsAndWarriorsII-Nes,side,free,pl,none,right,left,none,crouch,jump,attack,NO,NO
AddamsFamily-Sms,side,free,pl,none,right,left,none,crouch,none,jump,NO,NO
SonicBlastManII-Snes,side,free,fight,none,right,left,forward,backward,jump,punch,NO,NO
Jackal-Nes,top,free,shooter,none,right,left,up,down,throw,shoot,NO,NO
FirstSamurai-Snes,side,free,pl,none,right,left,none,crouch,jump,sword,NO,NO
TrampolineTerror-Genesis,3p,free,grid,none,right,left,up,down,jump,none,YES,NO
AsterixAndTheSecretMission-Sms,side,free,pl,none,right,left,none,crouch,jump,punch,NO,NO
CrackDown-Genesis,multi,free,shooter,none,right,left,up,down,explode,none,YES,NO
GoldenAxe-Genesis,side,free,fight,none,right,left,forward,backward,jump,sword,NO,NO
Flintstones-Genesis,side,free,pl,none,right,left,none,crouch,jump,attack,NO,NO
KaiketsuYanchaMaru2KarakuriLand-Nes,side,free,pl,none,right,left,none,crouch,jump,sword,NO,NO
MightyFinalFight-Nes,side,free,pl,none,right,left,forward,backward,jump,punch,NO,NO
BOB-Genesis,side,free,pl,none,right,left,aim-u,crouch look-d,jump,shoot,NO,NO
TinyToonAdventuresBusterBustsLoose-Snes,side,free,pl,none,right,left,none,crouch,jump,jump kick,NO,NO
CaptainPlanetAndThePlaneteers-Genesis,side,free,pl,none,right,left,none,crouch,jump,shoot,NO,NO
AsterixAndTheGreatRescue-Genesis,side,free,pl,none,right,left,none,crouch,none,punch,NO,NO
ActRaiser2-Snes,side,free,pl,none,right,left,anim-u,crouch,jump,sword,NO,NO
TotalRecall-Nes,side,free,pl,none,right,left,none,crouch,jump,punch,NO,NO
VirtuaFighter-32x,side,free,fight,none,right,left,jump,crouch,none,none,NO,YES
Pulseman-Genesis,side,free,pl,none,right,left,none,crouch,none,none,NO,NO
SonicAndKnuckles3-Genesis,side,free,pl,none,right,left,anim-u,crouch,jump,jump,NO,NO
FishingDerby-Atari2600,side,free,action,none,right,left,none,down,none,none,NO,NO
Athena-Nes,side,free,pl,none,right,left,none,crouch,jump,kick,NO,NO
RoadRunnersDeathValleyRally-Snes,side,free,pl,none,right,left,none,crouch,jump,none,NO,NO
MCKids-Nes,side,free,pl,none,right,left,none,crouch,jump,none,NO,NO
Tick-Genesis,3p,free,fight,right,right,left,forward,backward,kick,punch,NO,NO
GhoulSchool-Nes,side,free,pl,none,right,left,none,none,jump,sword,NO,NO
NinjaGaiden-Nes,side,free,pl,none,right,left,climb-u,crouch,jump,sword,NO,NO
Superman-Genesis,side,free,pl,none,right,left,none,crouch,jump,punch,NO,NO
FantasticDizzy-Genesis,side,free,pl,none,right,left,none,none,jump,anim,NO,NO
ThunderForceIV-Genesis,side,v,space_shooter,right,right,left,up,down,none,shoot,NO,NO
RoboccoWars-Nes,side,free,pl,none,right,left,none,none,jump,shoot,NO,NO
QuackShot-Genesis,side,free,pl,none,right,left,none,crouch,jump,shoot,NO,NO
PoseidonWars3D-Sms,1p,free,sim,right,right,left,up,down,shoot,shoot,NO,NO
SpaceMegaforce-Snes,top,h,space_shooter,up,right,left,up,down,anim,shoot,NO,NO
SuperAlfredChicken-Snes,side,free,pl,none,right,left,anim-u,crouch,jump,none,NO,NO
MightyMorphinPowerRangersTheMovie-Snes,3p,free,fight,none,right,left,none,crouch,jump,punch,NO,NO
RaidenDensetsu-Snes,top,h,space_shooter,up,right,left,up,down,shoot,none,NO,YES
DonkeyKongCountry2-Snes,side,free,pl,none,right,left,none,crouch,jump,anim,NO,NO
TazMania-Sms,side,free,pl,none,right,left,none,crouch,jump,anim,NO,NO
ChoujikuuYousaiMacrossScrambledValkyrie-Snes,side,v,space_shooter,right,right,left,up,down,shoot,anim,NO,NO
PorkyPigsHauntedHoliday-Snes,side,free,pl,none,right,left,none,crouch,jump,none,NO,NO
EarthDefenseForce-Snes,side,v,space_shooter,right,right,left,up,down,shoot,none,NO,NO
IkariIIITheRescue-Nes,3p,free,shooter,none,right,left,up,down,kick,punch,NO,NO
RTypeIII-Snes,side,v,space_shooter,right,right,left,up,down,none,shoot,YES,NO
DananTheJungleFighter-Sms,side,free,pl,none,right,left,none,crouch,jump,sword,NO,NO
AyrtonSennasSuperMonacoGPII-Genesis,1p,h,race,none,none,none,none,crouch,none,none,NO,NO
BinaryLand-Nes,top,free,grid,none,none,none,none,none,none,none,NO,NO
DynamiteDuke-Sms,1p,free,shooter,right,right,left,up,down,punch,none,NO,NO
Xexyz-Nes,side,free,pl,none,right,left,anim-u,crouch,jump,shoot,NO,NO
CollegeSlam-Genesis,3p,free,sport,none,none,none,none,none,none,none,NO,YES
SpaceHarrier-Nes,3p,free,space_shooter,forward,right,left,up,down,shoot,shoot,NO,NO
GoldenAxeIII-Genesis,side,free,pl,none,right,left,forward,backward,jump,sword,NO,YES
Spelunker-Nes,side,free,pl,none,right,left,up,down,jump,none,NO,NO
DefenderII-Nes,side,v,space_shooter,none,right,left,up,down,none,none,NO,NO
BarneysHideAndSeekGame-Genesis,side,free,pl,none,right,left,none,right,anim,anim,NO,NO
LastActionHero-Nes,side,free,pl,none,right,left,none,crouch,punch,jump,YES,YES
HuntForRedOctober-Snes,side,free,shooter,none,right,left,up,down,throw,shoot,NO,NO
MichaelJacksonsMoonwalker-Genesis,side,free,pl,none,right,left,none,crouch,jump,kick,NO,YES
PacMania-Genesis,3p,free,maze,none,right,left,forward,backward,none,jump,NO,NO
CrossFire-Nes,side,free,pl,none,right,left,none,crouch,none,punch,NO,NO
BubbleAndSqueak-Genesis,side,free,pl,none,right,left,look-u,look-d,none,jump,NO,NO
RoboCop3-Nes,side,free,pl,none,right,left,none,crouch,jump,shoot,NO,NO
FinalFight2-Snes,side,free,fight,none,right,left,forward,backward,jump,punch,NO,NO
AlfredChicken-GameBoy,side,free,pl,none,right,left,none,crouch,jump,none,NO,NO
BubbaNStix-Genesis,side,free,pl,none,right,left,none,crouch,none,jump,NO,NO
SkyKid-Nes,side,free,pl,left,right,left,up,down,none,none,NO,NO
CodeNameViper-Nes,side,free,pl,none,right,left,anim-u,crouch,jump,shoot,NO,NO
MortalKombatII-Genesis,side,free,fight,none,none,none,none,none,none,none,NO,YES
AdventuresOfRockyAndBullwinkleAndFriends-Snes,side,free,pl,none,right,left,none,crouch,jump,attack,NO,NO
BatmanReturns-Genesis,side,free,pl,none,right,left,anim-u,crouch look-d,jump,punch,NO,NO
NewZealandStory-Sms,side,free,pl,none,right,left,none,none,jump,shoot,YES,NO
TigerHeli-Nes,top,h,space_shooter,up,right,left,up,down,explode,explode,NO,NO
SylvesterAndTweetyInCageyCapers-Genesis,side,free,pl,none,right,left,look-u,crouch,jump,punch,NO,NO
8Eyes-Nes,side,free,pl,none,right,left,none,crouch,jump,sword,NO,NO
KnightsOfTheRound-Snes,side,free,fight,none,right,left,forward,backward,jump,sword,NO,NO
POWPrisonersOfWar-Nes,side,free,pl,none,right,left,forward,backward,kick,punch,NO,NO
SonSon-Nes,side,free,pl,right,right,left,jump,down,shoot,shoot,NO,NO
BeautyAndTheBeastRoarOfTheBeast-Genesis,side,free,pl,none,right,left,none,crouch,anim,jump,NO,NO
RenderingRangerR2-Snes,side,free,pl,none,right,left,aim-u,crouch,jump,shoot,YES,NO
AddamsFamily-GameBoy,side,free,pl,none,right,left,enter,crouch,jump,shoot,NO,NO
DaisenpuuTwinHawk-Genesis,top,h,space_shooter,up,right,left,up,down,shoot,anim,NO,NO
AdventuresOfKidKleets-Snes,side,free,pl,none,right,left,none,crouch,jump,none,NO,YES
SuperStrikeGunner-Snes,top,h,space_shooter,up,right,left,up,down,shoot,none,NO,NO
GlobalGladiators-Genesis,side,free,pl,none,right,left,look-u,look-d,jump,shoot,NO,NO
FightingMasters-Genesis,side,free,fight,none,right,left,none,crouch,none,none,NO,YES
StreetsOfRage-Genesis,side,free,pl,none,right,left,forward,backward,jump,punch,NO,NO
KamenNoNinjaAkakage-Nes,side,free,pl,none,right,left,none,crouch,jump,none,NO,NO
SecondSamurai-Genesis,side,free,pl,none,right,left,none,crouch,jump,punch,NO,NO
CoolSpot-Genesis,side,free,pl,none,right,left,look-u,crouch look-d,jump,shoot,NO,NO
SuperTrollIslands-Snes,side,free,pl,none,right,left,look-u,none,jump,shoot,NO,NO
Smurfs-Genesis,side,free,pl,none,right,left,none,crouch,none,jump,NO,NO
BebesKids-Snes,side,free,pl,none,right,left,forward,backward,jump,punch,NO,NO
Gimmick-Nes,side,free,pl,none,right,left,none,none,jump,anim,NO,NO
Baltron-Nes,side,v,space_shooter,right,right,left,up,down,shoot,none,NO,NO
DragonTheBruceLeeStory-Snes,side,free,fight,none,right,left,jump,crouch,kick,punch,NO,NO
UniversalSoldier-Genesis,side,free,pl,none,right,left,jump,crouch,attack,jump,NO,NO
TinHead-Genesis,side,free,pl,none,right,left,none,crouch,jump,shoot,NO,NO
SuperStarForce-Nes,top,h,space_shooter,up,right,left,up,down,shoot,none,NO,NO
PuttySquad-Snes,side,free,pl,none,right,left,none,crouch,jump,none,NO,NO
ThunderAndLightning-Nes,side,h,pong,none,right,left,none,none,shoot,none,NO,NO
SuperMarioWorld2-Snes,side,free,pl,none,right,left,look-u,crouch look-d,jump,punch,NO,NO
ClayFighter-Genesis,side,free,fight,none,none,none,none,none,none,none,NO,YES
TotallyRad-Nes,side,free,pl,none,right,left,none,crouch,jump,shoot,NO,NO
MidnightResistance-Genesis,side,free,pl,none,right,left,none,crouch,jump,none,NO,NO
Curse-Genesis,side,v,space_shooter,right,right,left,up,down,none,shoot,YES,NO
SpiderManReturnOfTheSinisterSix-Sms,side,free,pl,none,right,left,none,crouch,punch,jump,NO,NO
BattleUnitZeoth-GameBoy,side,v,space_shooter,none,right,left,none,crouch,up,shoot,NO,NO
DickTracy-Genesis,side,free,pl,none,right,left,none,crouch,shoot,jump,NO,NO
ChaseHQII-Genesis,1p,h,race,none,none,none,none,none,none,forward,NO,YES
ElevatorAction-Nes,side,free,pl,none,right,left,none,down,jump,shoot,NO,YES
ChampionsWorldClassSoccer-Genesis,3p,free,sport,none,none,none,none,none,none,none,NO,YES
ShinobiIIIReturnOfTheNinjaMaster-Genesis,side,free,pl,none,right,left,none,crouch,jump,shoot,NO,NO
MagicalTaruruutoKun-Genesis,side,free,pl,none,right,left,none,crouch,jump,attack,NO,NO
StarForce-Nes,top,h,space_shooter,up,right,left,up,down,shoot,shoot,NO,NO
LawnmowerMan-Genesis,1p,free,action,forward,right,left,none,crouch,none,none,NO,NO
Gods-Snes,side,free,pl,none,right,left,climb-u,climb-d,none,none,NO,NO
AdventuresOfRockyAndBullwinkleAndFriends-Nes,side,free,pl,none,right,left,none,crouch,jump,throw,NO,NO
Smurfs-Nes,side,free,pl,none,right,left,none,crouch,jump,none,NO,NO
BubbleBobblePart2-Nes,side,free,pl,none,right,left,none,none,none,shoot,NO,NO
SpaceInvaders91-Genesis,top,h,space_shooter,none,right,left,none,none,shoot,none,NO,NO
LethalWeapon-Snes,side,free,pl,none,right,left,enter,crouch,jump,none,NO,NO
ZeroWing-Genesis,side,v,space_shooter,none,right,left,up,down,shoot,anim,NO,YES
Qbert-Atari2600,side,free,action,none,none,none,none,none,none,none,NO,YES
TeenageMutantNinjaTurtlesTheHyperstoneHeist-Genesis,3p,free,fight,none,right,left,forward,backward,none,jump,NO,NO
MagicalQuestStarringMickeyMouse-Snes,side,free,pl,none,right,left,none,crouch,jump,none,NO,NO
UrbanChampion-Nes,side,free,fight,none,right,left,none,none,none,none,NO,NO
Batman-Genesis,side,free,pl,none,right,left,anim-u,crouch,jump,punch,NO,NO
AlphaMission-Nes,top,h,space_shooter,up,right,left,up,down,shoot,shoot,NO,NO
SunsetRiders-Genesis,side,free,pl,none,right,left,anim-u,crouch,jump,shoot,YES,NO
ThunderSpirits-Snes,side,v,space_shooter,right,right,left,up,down,none,none,YES,NO
SuperXeviousGumpNoNazo-Nes,top,h,space_shooter,up,right,left,up,down,shoot,shoot,NO,NO
Hook-Snes,side,free,pl,none,right,left,none,crouch,jump,sword,NO,NO
JamesBondJr-Nes,side,free,pl,none,right,left,anim-u,crouch,jump,shoot,NO,NO
CoolSpot-Sms,side,free,pl,none,right,left,look-u,crouch look-d,shoot,jump,NO,NO
TwinEagle-Nes,top,h,space_shooter,up,right,left,up,down,none,none,YES,NO
DoubleDunk-Atari2600,3p,free,sport,none,none,none,none,none,none,none,NO,NO
TwinkleTale-Genesis,3p,free,shooter,none,right,left,up,down,anim,shoot,NO,NO
JetsonsInvasionOfThePlanetPirates-Snes,side,free,pl,none,right,left,none,crouch,jump,anim,NO,NO
Zaxxon-Atari2600,top,h,space_shooter,none,right,left,down,up,shoot,shoot,NO,NO
Thundercade-Nes,3p,h,space_shooter,up,right,left,up,down,anim,shoot,NO,NO
NoahsArk-Nes,side,free,pl,none,right,left,none,crouch,none,none,NO,NO
TaskForceHarrierEX-Genesis,top,h,space_shooter,up,right,left,up,down,shoot,none,NO,NO
MetalStorm-Nes,side,free,pl,none,right,left,none,crouch,jump,shoot,NO,NO
DariusForce-Snes,top,v,space_shooter,right,right,left,up,down,throw,shoot,YES,NO
BatmanReturns-Nes,side,free,pl,none,right,left,forward,backward,jump,punch,NO,NO
Alien3-Nes,side,free,pl,none,right,left,none,crouch,shoot,jump,YES,NO
CyborgJustice-Genesis,3p,free,fight,none,right,left,forward,backward,kick,punch,NO,NO
Warpman-Nes,top,free,grid,none,right,left,up,down,shoot,shoot,YES,NO
WrathOfTheBlackManta-Nes,side,free,pl,none,right,left,none,crouch,jump,punch,NO,NO
Castlevania-Nes,side,free,pl,none,right,left,none,crouch,jump,attack,NO,NO
SCATSpecialCyberneticAttackTeam-Nes,side,free,space_shooter,right,right,left,up,down,none,shoot,NO,NO
BullsVersusBlazersAndTheNBAPlayoffs-Genesis,3p,free,sport,none,none,none,none,none,none,none,NO,YES
SoldiersOfFortune-Genesis,3p,free,fight,none,right,left,up,down,none,none,NO,NO
Columns-Genesis,side,free,tetris,none,right,left,none,down,anim,anim,NO,NO
MichaelJacksonsMoonwalker-Sms,side,free,pl,none,right,left,none,crouch,none,none,NO,NO
Frogger-Genesis,top,free,other,none,none,none,up,down,none,none,NO,NO
BomberRaid-Sms,top,h,space_shooter,up,right,left,up,down,attack,shoot,NO,NO
CaptainAmericaAndTheAvengers-Nes,side,free,pl,none,right,left,anim-u,crouch,jump,shoot,NO,NO
RollingThunder2-Genesis,side,free,pl,none,right,left,none,crouch,jump,shoot,NO,NO
BishoujoSenshiSailorMoonR-Snes,side,free,pl,none,right,left,forward,backward,jump,attack,NO,NO
RamboFirstBloodPartII-Sms,3p,free,shooter,none,right,left,none,none,none,none,YES,NO
3NinjasKickBack-Genesis,side,free,pl,none,right,left,anim-u,crouch,none,jump,NO,NO
RiskyWoods-Genesis,side,free,pl,none,right,left,none,crouch,none,jump,NO,NO
UzuKeobukseon-Genesis,top,h,space_shooter,up,right,left,up,down,none,shoot,YES,NO
DeepDuckTroubleStarringDonaldDuck-Sms,side,free,pl,none,right,left,none,crouch,jump,none,NO,NO
LastBattle-Genesis,side,free,pl,none,right,left,none,crouch,jump,kick,NO,NO
SpotGoesToHollywood-Genesis,3p,free,shooter,none,right down,left up,up right,left down,none,jump,NO,NO
Terminator-Genesis,side,free,pl,none,right,left,none,crouch,jump,throw,NO,NO
CosmoGangTheVideo-Snes,top,h,space_shooter,none,right,left,none,none,none,none,NO,NO
TeenageMutantNinjaTurtlesIIITheManhattanProject-Nes,3p,free,pl,none,right,left,forward,backward,jump,sword,NO,NO
PunchOut-Nes,3p,free,fight,none,none,none,none,none,none,none,NO,NO
SameSameSame-Genesis,top,h,space_shooter,none,none,none,none,none,none,none,NO,YES
AdvancedBusterhawkGleylancer-Genesis,side,v,space_shooter,right,right,left,up,down,none,shoot,YES,NO
MysteryQuest-Nes,side,free,pl,none,right,left,anim-u,crouch,jump,shoot,NO,NO
ChuckRock-Snes,side,free,pl,none,right,left,none,crouch,jump,anim,NO,NO
DazeBeforeChristmas-Snes,side,free,pl,none,right,left,look-u,look-d,none,none,NO,NO
DaffyDuckTheMarvinMissions-Snes,side,free,pl,none,right,left,anim-u,anim-d,jump,shoot,NO,NO
Darkman-Nes,side,free,pl,none,right,left,none,none,jump,kick,NO,YES
JackieChansActionKungFu-Nes,side,free,pl,none,right,left,none,crouch,jump,punch,NO,NO
SuperSWIV-Snes,top,h,space_shooter,up,right,left,up,down,none,shoot,NO,NO
WWFArcade-Genesis,side,free,fight,none,none,none,none,none,none,none,NO,YES
UpNDown-Atari2600,3p,free,action,none,none,none,up,down,anim,anim,NO,NO
Vectorman-Genesis,side,free,pl,none,right,left,none,crouch,jump,shoot,NO,YES
SuperBCKid-Snes,side,free,pl,none,right,left,none,none,jump,punch,NO,NO
AdventuresOfRockyAndBullwinkleAndFriends-Genesis,side,free,pl,none,right,left,none,crouch,attack,none,NO,NO
RunningBattle-Sms,side,free,pl,none,right,left,none,crouch,jump,punch,NO,NO
WaniWaniWorld-Genesis,side,free,pl,none,right,left,none,none,attack,none,YES,NO
GuerrillaWar-Nes,3p,free,shooter,none,right,left,up,down,shoot,shoot,NO,NO
ChesterCheetahTooCoolToFool-Snes,side,free,pl,none,right,left,none,crouch,jump,none,NO,NO
AttackAnimalGakuen-Nes,3p,free,space_shooter,forward,right,left,up,down,none,none,NO,NO
1943-Nes,top,h,space_shooter,up,right,left,up,down,anim,shoot,NO,NO
VaporTrail-Genesis,top,h,space_shooter,up,right,left,up,down,none,shoot,YES,NO
BattleZequeDen-Snes,side,free,fight,none,right,left,none,crouch,jump,punch,NO,NO
AdventuresOfStarSaver-GameBoy,side,free,pl,none,right,left,none,none,jump,shoot,NO,NO
ArcherMacleansSuperDropzone-Snes,side,free,pl_fly,none,right,left,up,down,anim,anim,NO,NO
MendelPalace-Nes,3p,free,grid,none,right,left,up,down,none,anim,NO,NO
MechanizedAttack-Nes,1p,free,shooter,none,right,left,up,down,none,shoot,NO,NO
CaptainCommando-Snes,side,free,fight,none,right,left,forward,backward,jump,sword,NO,NO
GalaxyForce-Sms,3p,free,space_shooter,forward,right,left,up,down,shoot,shoot,NO,NO
PitfallTheMayanAdventure-Snes,side,free,pl,none,right,left,none,crouch,jump,attack shoot,NO,NO
ComicalMachineGunJoe-Sms,3p,h,shooter,none,right,left,none,none,jump,shoot,NO,NO
Joust-Nes,side,free,pl,none,none,none,none,none,jump,jump,NO,NO
GradiusIII-Snes,side,v,space_shooter,right,right,left,up,down,shoot,none,NO,NO
SuperTurrican-Snes,side,free,pl,none,right,left,none,crouch,jump,shoot,NO,NO
StreetSmart-Genesis,side,free,fight,none,right,left,forward,backward,jump,kick,NO,NO
TwinCobraDesertAttackHelicopter-Genesis,top,h,space_shooter,up,right,left,up,down,explode,shoot,NO,NO
JamesPondUnderwaterAgent-Genesis,side,free,pl_fly,none,right,left,up,down,none,none,NO,YES
Smurfs-Snes,side,free,pl,none,right,left,none,crouch,jump,none,NO,NO
AbadoxTheDeadlyInnerWar-Nes,side,free,space_shooter,right,right,left,up,down,none,shoot,NO,NO
EarnestEvans-Genesis,side,free,pl,none,right,left,none,crouch,none,jump,NO,NO
AstroRoboSasa-Nes,side,free,space_shooter,none,turn-r,turn-l,anim-u,anim-d,shoot,none,NO,NO
SmartBall-Snes,side,free,pl,none,right,left,anim-u,crouch,jump,none,NO,NO
RaidenDensetsuRaidenTrad-Genesis,top,h,space_shooter,up,right,left,up,down,shoot,shoot,NO,NO
RoboCopVersusTheTerminator-Snes,side,free,pl,none,right,left,anim-u,crouch,anim,shoot,NO,NO
DoubleDribbleThePlayoffEdition-Genesis,3p,free,sport,none,right,left,forward,backward,none,none,NO,YES
InsectorX-Genesis,side,v,space_shooter,right,right,left,up,down,none,shoot,NO,YES
AddamsFamilyPugsleysScavengerHunt-Snes,side,free,pl,none,right,left,enter,crouch,jump,anim,YES,NO
Gauntlet-Sms,top,free,shooter,none,right,left,up,down,none,shoot,NO,NO
KeroppiToKeroriinuNoSplashBomb-Nes,3p,free,grid,none,right,left,up,down,none,none,YES,YES
NinjaCrusaders-Nes,side,free,pl,none,right,left,none,crouch,jump,shoot,NO,NO
SuperTurrican2-Snes,side,free,pl,none,right,left,none,crouch,jump,shoot,NO,NO
Predator2-Genesis,3p,free,shooter,none,right,left,forward,backward,none,shoot,YES,NO
BattleCity-Nes,top,free,shooter,none,right,left,up,down,none,none,NO,NO
CastlevaniaIIIDraculasCurse-Nes,side,free,pl,none,right,left,none,crouch,jump,attack,NO,NO
MUSHA-Genesis,top,h,space_shooter,up,right,left,up,down,shoot,none,NO,NO
SteelEmpire-Genesis,side,v,space_shooter,right,right,left,up,down,shoot,shoot left,YES,NO
ChuckRock-Sms,side,free,pl,none,right,left,none,crouch,jump,none,NO,NO
MsPacMan-Sms,top,free,maze,none,right,left,up,down,none,none,NO,YES
AttackOfTheKillerTomatoes-GameBoy,side,free,pl,none,right,left,none,crouch,kick,jump,NO,NO
PitFighter-Sms,side,free,fight,none,right,left,forward,backward,kick,punch,NO,NO
DynamiteHeaddy-Genesis,side,free,pl,none,right,left,none,crouch,none,shoot,NO,NO
DynamiteDuke-Genesis,1p,free,shooter,right,right,left,up,down,punch,punch,NO,NO
RivalTurf-Snes,side,free,fight,none,right,left,forward,backward,jump,punch,NO,NO
TargetEarth-Genesis,side,free,pl,none,right,left,none,none,none,jump,NO,NO
BombJack-GameBoy,side,free,pl,none,right,left,none,none,jump,none,NO,NO
SwordOfSodan-Genesis,side,free,pl,none,right,left,none,crouch,sword,jump,NO,NO
SpartanX2-Nes,side,free,pl,right,right,left,jump,crouch,punch,kick,NO,NO
GalagaDemonsOfDeath-Nes,top,h,space_shooter,up,right,left,none,none,shoot,shoot,NO,NO
Trog-Nes,top,free,grid,none,right,left,up,down,down,down,NO,NO
Quarth-Nes,top,h,space_shooter,none,right,left,none,none,shoot,shoot,NO,NO
DonkeyKongCountry-Snes,side,free,pl,none,right,left,none,crouch,none,none,NO,YES
JourneyToSilius-Nes,side,free,pl,none,right,left,none,crouch,jump,shoot,NO,NO
Tetris-GameBoy,side,free,tetris,none,right,left,none,down,rotate-l,rotate-r,NO,NO
WaynesWorld-Nes,side,free,pl,none,right,left,climb-u,crouch,jump,shoot,NO,NO
ToxicCrusaders-Nes,3p,free,pl,none,right,left,forward,backward,jump,sword,NO,NO
Armadillo-Nes,side,free,pl,none,right,left,none,none,none,none,NO,YES
AaahhRealMonsters-Genesis,side,free,pl,none,right,left,none,crouch look-d,jump,throw,NO,NO
BishoujoSenshiSailorMoon-Genesis,side,free,fight,none,right,left,forward,backward,anim,jump,NO,NO
AirCavalry-Snes,1p,free,shooter,none,right,left,forward,backward,none,none,NO,NO
