game,RIGHT,LEFT,UP,DOWN,ACTION_PRIMARY,ACTION_SECONDARY,blinking,delayed
3ninjaskickback-genesis,right,left,anim-u,crouch,none,jump,NO,NO
8eyes-nes,right,left,none,crouch,jump,sword,NO,NO
aaahhrealmonsters-genesis,right,left,none,crouch look-d,jump,throw,NO,NO
actionpachio-snes,right,left,none,crouch,jump,none,NO,NO
actraiser2-snes,right,left,anim-u,crouch,jump,sword,NO,NO
addamsfamily-gameboy,right,left,enter,crouch,jump,shoot,NO,NO
addamsfamily-genesis,right,left,enter,crouch,none,jump,NO,NO
addamsfamily-nes,right,left,none,crouch,jump,none,NO,NO
addamsfamily-sms,right,left,none,crouch,none,jump,NO,NO
addamsfamily-snes,right,left,enter,crouch,jump,none,NO,NO
addamsfamilypugsleysscavengerhunt-nes,right,left,enter,crouch,jump,none,NO,NO
addamsfamilypugsleysscavengerhunt-snes,right,left,enter,crouch,jump,anim,NO,NO
adventureisland-gameboy,right,left,none,none,jump,none,NO,NO
adventureisland3-nes,right,left,none,crouch,jump,none,NO,NO
adventureislandii-nes,right,left,none,none,jump,none,NO,NO
adventuresofdrfranken-snes,right,left,none,crouch,jump,kick,NO,NO
adventuresofkidkleets-snes,right,left,none,crouch,jump,none,NO,NO
adventuresofmightymax-genesis,right,left,none,crouch,none,jump,NO,NO
adventuresofmightymax-snes,right,left,none,crouch,jump,shoot,NO,NO
adventuresofrockyandbullwinkleandfriends-genesis,right,left,none,crouch,attack,none,NO,NO
adventuresofrockyandbullwinkleandfriends-nes,right,left,none,crouch,jump,throw,NO,NO
adventuresofrockyandbullwinkleandfriends-snes,right,left,none,crouch,jump,attack,NO,NO
adventuresofstarsaver-gameboy,right,left,none,none,jump,shoot,NO,NO
adventuresofyogibear-snes,right,left,none,crouch,jump,none,NO,NO
aerotheacrobat-snes,right,left,none,crouch,jump,none,NO,NO
aerotheacrobat2-genesis,right,left,none,crouch,none,jump,NO,NO
aerotheacrobat2-snes,right,left,none,crouch,jump,none,NO,NO
afterburst-gameboy,right,left,aim-u,aim-d,jump,shoot,NO,NO
alfredchicken-gameboy,right,left,none,crouch,jump,none,NO,NO
alfredchicken-nes,right,left,none,crouch,jump,none,NO,NO
alfredchicken-snes,right,left,look-u,crouch,jump,none,NO,NO
alien3-nes,right,left,none,crouch,shoot,jump,NO,NO
alien3-sms,right,left,none,crouch,jump,none,NO,NO
aliensoldier-genesis,right,left,none,crouch,jump,shoot,NO,NO
alteredbeast-genesis,right,left,none,crouch,jump,kick,NO,NO
amagon-nes,right,left,none,crouch,jump,shoot,NO,NO
ardylightfoot-snes,right,left,anim-u,crouch,jump,anim,NO,NO
armadillo-nes,right,left,none,none,none,none,NO,NO
asterix-sms,right,left,none,crouch,jump,punch,NO,NO
asterix-snes,right,left,none,crouch,jump,none,NO,NO
asterixandobelix-gameboy,right,left,none,crouch,jump,punch,NO,NO
asterixandthegreatrescue-genesis,right,left,none,crouch,none,punch,NO,NO
asterixandthegreatrescue-sms,right,left,none,crouch,none,jump,NO,NO
asterixandthepowerofthegods-genesis,right,left,look-u,crouch,none,jump,NO,NO
asterixandthesecretmission-sms,right,left,none,crouch,jump,punch,NO,NO
astyanax-nes,right,left,none,crouch,jump,attack,NO,NO
athena-nes,right,left,none,crouch,jump,kick,NO,NO
atlantisnonazo-nes,right,left,none,crouch,jump,shoot,NO,NO
atomicrobokid-genesis,right,left,none,none,none,jump,NO,NO
atomicrunner-genesis,right,none,right,crouch,right,shoot,NO,NO
attackofthekillertomatoes-gameboy,right,left,none,crouch,kick,jump,NO,NO
attackofthekillertomatoes-nes,right,left,none,none,jump,none,NO,NO
awesomepossumkicksdrmachinosbutt-genesis,right,left,none,crouch,jump,jump,NO,NO
baddudes-nes,right,left,none,crouch,punch,jump,NO,NO
badstreetbrawler-nes,right,left,jump,crouch,kick,punch,NO,NO
bakuretsusenshiwarrior-gameboy,right,left,climb-u,climb-d,none,none,NO,NO
balloonfight-nes,right,left,none,none,anim,up,NO,NO
balloonkid-gameboy,right,left,none,none,fly,anim,NO,NO
bananaprince-nes,right,left,look-u,crouch,jump,sword,NO,NO
banishingracer-gameboy,right,left,none,none,jump,none,NO,NO
barbie-nes,right,left,none,none,jump,throw,NO,NO
barneyshideandseekgame-genesis,right,left,none,right,anim,anim,NO,NO
bartsimpsonsescapefromcampdeadly-gameboy,right,left,none,crouch,jump,shoot,NO,NO
batman-genesis,right,left,anim-u,crouch,jump,punch,NO,NO
batmanreturns-genesis,right,left,anim-u,crouch look-d,jump,punch,NO,NO
batmanreturns-nes,right,left,forward,backward,jump,punch,NO,NO
battletoadsdoubledragon-genesis,right,left,forward,backward,punch,jump,NO,NO
battletoadsinragnaroksworld-gameboy,right,left,forward,backward,jump,punch,NO,NO
beautyandthebeastbellesquest-genesis,right,left,none,none,none,jump,NO,NO
beautyandthebeastroarofthebeast-genesis,right,left,none,crouch,anim,jump,NO,NO
bebeskids-snes,right,left,forward,backward,jump,punch,NO,NO
billandtedsexcellentgameboyadventure-gameboy,right,left,none,none,none,none,NO,NO
biomiraclebokutteupa-nes,right,left,none,none,jump,sword,NO,NO
biosenshidanincreasertonotatakai-nes,right,left,anim-u,crouch,jump,punch,NO,NO
bishoujosenshisailormoonr-snes,right,left,forward,backward,jump,attack,NO,NO
bladesofvengeance-genesis,right,left,none,crouch,jump,sword,NO,NO
bob-genesis,right,left,aim-u,crouch look-d,jump,shoot,NO,NO
bob-snes,right,left,aim-u,crouch,jump,shoot,NO,NO
bombjack-gameboy,right,left,none,none,jump,none,NO,NO
bonkerswaxup-sms,right,left,look-u,look-d,jump,none,NO,NO
boogermanapickandflickadventure-genesis,right,left,none,crouch,none,jump,NO,YES
boogermanapickandflickadventure-snes,right,left,none,crouch,jump,anim,NO,YES
bramstokersdracula-genesis,right,left,none,crouch,none,jump,NO,NO
bramstokersdracula-nes,right,left,look-u,crouch look-d,jump,sword,NO,NO
bramstokersdracula-snes,right,left,none,crouch,jump,none,NO,NO
bronkiethebronchiasaurus-snes,right,left,none,crouch,jump,sword,NO,NO
bubbanstix-genesis,right,left,none,crouch,none,jump,NO,NO
bubbleandsqueak-genesis,right,left,look-u,look-d,none,jump,NO,NO
bubblebobble-nes,right,left,none,none,jump,shoot,NO,NO
bubblebobble-sms,right,left,none,none,jump,shoot,NO,NO
bubblebobblepart2-nes,right,left,none,none,none,shoot,NO,NO
bubsyii-genesis,right,left,none,none,none,jump,NO,NO
bubsyii-snes,right,left,none,none,jump,jump,NO,NO
bubsyinclawsencountersofthefurredkind-genesis,right,left,look-u,none,crouch,jump,NO,NO
bubsyinclawsencountersofthefurredkind-snes,right,left,look-u,none,jump,jump,NO,NO
buckyohare-nes,right,left,anim-u,crouch,jump,shoot,NO,NO
bugsbunnybirthdayblowout-nes,right,left,none,none,jump,attack,NO,NO
buraifighter-nes,right,left,up,down,none,shoot,NO,NO
cadash-genesis,right,left,none,crouch,jump,sword,NO,NO
captainamericaandtheavengers-nes,right,left,anim-u,crouch,jump,shoot,NO,NO
captainplanetandtheplaneteers-genesis,right,left,none,crouch,jump,shoot,NO,NO
castelian-nes,right,left,none,none,shoot,none,NO,NO
castleofillusion-genesis,right,left,none,crouch,jump,none,NO,NO
castlevania-nes,right,left,none,crouch,jump,attack,NO,NO
castlevaniabloodlines-genesis,right,left,none,crouch,none,jump,NO,NO
castlevaniaiiidraculascurse-nes,right,left,none,crouch,jump,attack,NO,NO
castlevaniathenewgeneration-genesis,right,left,none,crouch,none,jump,NO,NO
catnindenteyandee-nes,right,left,none,none,jump,attack,NO,NO
chacknpop-nes,right,left,jump,none,throw,none,NO,NO
challenger-nes,right,left,none,crouch,shoot,jump,NO,NO
cheesecatastrophestarringspeedygonzales-genesis,right,left,none,crouch,none,none,NO,YES
cheesecatastrophestarringspeedygonzales-sms,right,left,none,crouch,shoot,jump,NO,YES
chestercheetahtoocooltofool-genesis,right,left,none,crouch,jump,none,NO,NO
chestercheetahtoocooltofool-snes,right,left,none,crouch,jump,none,NO,NO
chestercheetahwildwildquest-genesis,right,left,none,crouch,jump,anim,NO,NO
chestercheetahwildwildquest-snes,right,left,none,crouch,anim,anim,NO,NO
chikichikiboys-genesis,right,left,none,crouch,jump,sword,NO,NO
chuckrock-genesis,right,left,none,crouch,jump,none,NO,NO
chuckrock-sms,right,left,none,crouch,jump,none,NO,NO
chuckrock-snes,right,left,none,crouch,jump,anim,NO,NO
chuckrockiisonofchuck-genesis,right,left,none,none,jump,attack,NO,NO
chuckrockiisonofchuck-sms,right,left,none,anim-d,jump,attack,NO,NO
circuscharlie-nes,right,left,none,none,jump,jump,NO,NO
cityconnection-nes,right,left,none,down,jump,shoot,NO,NO
claymates-snes,right,left,none,none,none,attack,NO,YES
cliffhanger-nes,right,left,none,crouch,jump,none,NO,NO
codenameviper-nes,right,left,anim-u,crouch,jump,shoot,NO,NO
conan-nes,right,left,jump,jump right,punch,kick,NO,NO
congoscaper-snes,right,left,anim-u,crouch,jump,attack,NO,NO
conquestofthecrystalpalace-nes,right,left,none,crouch,jump,sword,YES,NO
contraforce-nes,right,left,anim-u,crouch,jump,shoot,NO,NO
coolspot-genesis,right,left,look-u,crouch look-d,jump,shoot,NO,NO
coolspot-sms,right,left,look-u,crouch look-d,shoot,jump,NO,NO
coolspot-snes,right,left,look-u,crouch look-d,jump,shoot,NO,NO
crossfire-nes,right,left,none,crouch,none,punch,NO,NO
cutthroatisland-genesis,right,left,forward,backward,jump,sword,NO,NO
cybernator-snes,right,left,aim-u,aim-d,fly right,shoot,NO,NO
cybershinobi-sms,right,left,none,crouch,jump,attack,NO,NO
daffyduckinhollywood-sms,right,left,look-u,crouch look-d,jump,shoot,NO,NO
daffyduckthemarvinmissions-snes,right,left,anim-u,anim-d,jump,shoot,NO,NO
dananthejunglefighter-sms,right,left,none,crouch,jump,sword,NO,NO
darkcastle-genesis,right,left,anim-u,none,throw,crouch,NO,NO
darkman-nes,right,left,none,none,jump,kick,NO,YES
dashindesperadoes-genesis,right,left,none,crouch,throw,jump,NO,NO
dazebeforechristmas-genesis,right,left,look-u,crouch,shoot,jump,NO,NO
dazebeforechristmas-snes,right,left,look-u,look-d,none,none,NO,NO
deepducktroublestarringdonaldduck-sms,right,left,none,crouch,jump,none,NO,NO
dennisthemenace-snes,right,left,none,crouch,jump,none,NO,NO
dicktracy-genesis,right,left,none,crouch,shoot,jump,NO,NO
diggerthelegendofthelostcity-nes,right,left,climb-u,climb-d,jump,attack,NO,NO
dinocity-snes,right,left,none,crouch,jump,anim,NO,NO
dirtyharry-nes,right,left,none,crouch,shoot,punch,NO,NO
dondokodon-nes,right,left,none,none,jump,attack,NO,NO
donkeykong-nes,right,left,climb-u,climb-d,none,none,NO,NO
donkeykong3-nes,right,left,jump,none,shoot,shoot,NO,NO
donkeykongcountry-snes,right,left,none,crouch,none,none,NO,YES
donkeykongcountry2-snes,right,left,none,crouch,jump,anim,NO,NO
donkeykongcountry3dixiekongsdoubletrouble-snes,right,left,none,crouch,jump,none,NO,NO
donkeykongjr-nes,right,left,climb-u,climb-d,jump,none,NO,NO
dragonslair-snes,right,left,none,crouch,jump,throw,NO,NO
dynamiteheaddy-genesis,right,left,none,crouch,none,shoot,NO,NO
earnestevans-genesis,right,left,none,crouch,none,jump,NO,NO
elevatoraction-atari2600,right,left,up,crouch,shoot,shoot,NO,YES
elevatoraction-nes,right,left,none,down,jump,shoot,NO,YES
elviento-genesis,right,left,none,crouch,shoot,jump,NO,NO
exmutants-genesis,right,left,none,crouch,none,jump,NO,NO
familydog-snes,right,left,none,crouch,jump,attack,NO,NO
fantasia-genesis,right,left,none,crouch,jump,shoot,NO,NO
fantasticdizzy-genesis,right,left,none,none,jump,anim,NO,NO
fatalrewind-genesis,right,left,jump,crouch,jump,shoot,NO,NO
felixthecat-nes,right,left,none,crouch,jump,punch,NO,NO
finalbubblebobble-sms,right,left,none,none,jump,shoot,NO,NO
fireandice-sms,right,left,look-u,crouch look-d,shoot,jump,NO,NO
firstsamurai-snes,right,left,none,crouch,jump,sword,NO,NO
flicky-genesis,right,left,none,none,jump,jump,NO,NO
flintstones-genesis,right,left,none,crouch,jump,attack,NO,NO
flintstones-snes,right,left,none,crouch look-d,none,attack,NO,NO
flintstonestherescueofdinoandhoppy-nes,right,left,none,anim-d,jump,attack,NO,NO
flyingdragonthesecretscroll-nes,right,left,jump,crouch,kick,punch,NO,NO
forgottenworlds-genesis,right,left,up,down,anim,shoot,NO,NO
formationz-nes,right,left,none,none,jump,shoot,NO,NO
foxspeterpanandthepiratestherevengeofcaptainhook-nes,right,left,none,crouch,jump,sword,NO,NO
ghostsngoblins-nes,right,left,none,crouch,jump,shoot,NO,NO
ghoulschool-nes,right,left,none,none,jump,sword,NO,NO
ghoulsnghosts-genesis,right,left,none,crouch,jump,throw,NO,NO
gijoearealamericanhero-nes,right,left,none,crouch,jump,punch,NO,NO
gijoetheatlantisfactor-nes,right,left,none,crouch,jump,punch,NO,NO
gimmick-nes,right,left,none,none,jump,anim,NO,NO
globalgladiators-genesis,right,left,look-u,look-d,jump,shoot,NO,NO
gods-genesis,right,left,climb-u,climb-d,none,none,NO,NO
gods-snes,right,left,climb-u,climb-d,none,none,NO,NO
goldenaxeiii-genesis,right,left,forward,backward,jump,sword,NO,YES
greatcircusmysterystarringmickeyandminnie-genesis,right,left,none,crouch,none,jump,NO,NO
greatcircusmysterystarringmickeyandminnie-snes,right,left,none,crouch,jump,none,NO,NO
greendogthebeachedsurferdude-genesis,right,left,none,crouch,jump,throw,NO,YES
hammerinharry-nes,right,left,anim-u,crouch,jump,punch,NO,NO
harleyshumongousadventure-snes,right,left,none,crouch,jump,none,NO,NO
havoc-genesis,right,left,anim-u,crouch,jump,jump,NO,NO
heavynova-genesis,right,left,fly,crouch,none,kick,NO,NO
hellokittyworld-nes,right,left,none,none,up,drop,NO,NO
hero-atari2600,none,none,none,none,none,none,NO,YES
homealone2lostinnewyork-genesis,right,left,none,crouch,none,throw,NO,NO
hook-genesis,right,left,none,crouch,none,jump,NO,NO
hook-snes,right,left,none,crouch,jump,sword,NO,NO
hurricanes-genesis,right,left,look-u,crouch look-d,anim,none,NO,NO
hurricanes-snes,right,left,look-u,crouch look-d,jump,anim,NO,NO
iceclimber-nes,right,left,none,none,jump,punch,NO,NO
incantation-snes,right,left,none,crouch,none,none,NO,NO
incrediblecrashdummies-genesis,right,left,none,crouch,jump,throw,NO,NO
incrediblehulk-genesis,right,left,none,crouch,none,jump,NO,NO
incrediblehulk-sms,right,left,none,crouch,jump,punch,NO,NO
incrediblehulk-snes,right,left,none,crouch,jump,punch,NO,NO
indianajonesandthelastcrusade-genesis,right,left,none,crouch,jump,attack,NO,NO
indianajonesandthetempleofdoom-nes,right,left,forward,backward,attack,jump,NO,NO
inspectorgadget-snes,right,left,none,crouch,jump,punch,NO,NO
ironswordwizardsandwarriorsii-nes,right,left,none,crouch,jump,attack,NO,NO
itchyandscratchygame-snes,right,left,none,none,none,none,NO,NO
izzysquestfortheolympicrings-genesis,right,left,look-u,look-d,jump,jump,NO,YES
izzysquestfortheolympicrings-snes,right,left,anim-u,look-d,none,none,NO,YES
jackiechansactionkungfu-nes,right,left,none,crouch,jump,punch,NO,NO
jajamarunodaibouken-nes,right,left,none,none,jump,shoot,NO,NO
jamesbond007theduel-genesis,right,left,climb-u,climb-d,none,shoot,YES,NO
jamesbond007theduel-sms,right,left,none,crouch,shoot,jump,YES,NO
jamesbondjr-nes,right,left,anim-u,crouch,jump,shoot,NO,NO
jamespond2codenamerobocod-sms,right,left,none,crouch,fly,jump,NO,NO
jamespond3-genesis,right,left,none,crouch,none,jump,NO,NO
jamespondiicodenamerobocod-genesis,right,left,none,crouch,fly,jump,NO,NO
jellyboy-snes,right,left,forward,backward,none,none,NO,NO
jetsonscogswellscaper-nes,right,left,none,crouch,jump,none,NO,NO
jetsonsinvasionoftheplanetpirates-snes,right,left,none,crouch,jump,anim,NO,NO
jewelmaster-genesis,right,left,none,crouch,jump,attack,NO,NO
joeandmac-nes,right,left,none,crouch,jump,none,YES,NO
joeandmac-snes,right,left,none,crouch,jump,attack,YES,NO
joeandmac2lostinthetropics-snes,right,left,anim-u,crouch,jump,none,NO,NO
journeytosilius-nes,right,left,none,crouch,jump,shoot,NO,NO
joust-nes,none,none,none,none,jump,jump,NO,NO
judgedredd-genesis,right,left,look-u,crouch look-d,none,jump,NO,NO
judgedredd-snes,right,left,look-u,crouch look-d,jump,shoot,NO,NO
jujudensetsutokigoingapespit-genesis,right,left,none,crouch,jump,shoot,NO,NO
junglebook-genesis,right,left,look-u,crouch,none,none,NO,NO
junglebook-nes,right,left,none,crouch,jump,shoot,NO,NO
junglebook-snes,right,left,look-u,crouch,jump,shoot,NO,NO
kabukiquantumfighter-nes,right,left,none,crouch,jump,punch,NO,NO
kaiketsuyanchamaru2karakuriland-nes,right,left,none,crouch,jump,sword,NO,NO
kaiketsuyanchamaru3taiketsuzouringen-nes,right,left,none,crouch,jump,attack,NO,NO
kamennoninjaakakage-nes,right,left,none,crouch,jump,none,NO,NO
kangaroo-atari2600,none,none,none,none,none,none,NO,NO
kanshakudamanagekantarounotoukaidougojuusantsugi-nes,right,left,none,crouch,none,none,NO,YES
kidchameleon-genesis,right,left,none,crouch,none,jump,NO,YES
kidicarus-nes,right,left,anim-u,crouch,jump,shoot,NO,NO
kidklownincrazychase-snes,none,none,none,none,none,none,NO,YES
kidklowninnightmayorworld-nes,right,left,none,crouch,jump,throw,NO,NO
kidnikiradicalninja-nes,right,left,none,crouch,jump,sword,NO,NO
kirbysadventure-nes,right,left,up,crouch,jump,anim,NO,NO
landofillusionstarringmickeymouse-sms,right,left,none,crouch,jump,none,NO,NO
lastactionhero-nes,right,left,none,crouch,punch,jump,NO,YES
lastactionhero-snes,right,left,none,crouch,jump,punch,NO,YES
lastbattle-genesis,right,left,none,crouch,jump,kick,NO,NO
legendofgalahad-genesis,right,left,none,crouch,none,jump,YES,NO
legendofkage-nes,right,left,climb-u,crouch,punch,throw,NO,NO
lethalweapon-snes,right,left,enter,crouch,jump,none,NO,NO
lowgmanthelowgravityman-nes,right,left,none,crouch,jump,shoot,NO,NO
luckydimecaperstarringdonaldduck-sms,right,left,none,crouch,jump,punch,NO,NO
magicalqueststarringmickeymouse-snes,right,left,none,crouch,jump,none,NO,NO
magicaltaruruutokun-genesis,right,left,none,crouch,jump,attack,NO,NO
magicboy-snes,right,left,none,crouch,jump,shoot,NO,NO
magicsword-snes,right,left,none,crouch,jump,shoot,NO,NO
mappyland-nes,right,left,none,none,anim,jump,NO,NO
marblemadness-genesis,right,left,forward,backward,none,none,NO,NO
marblemadness-sms,right,left,forward,backward,none,none,NO,NO
mariobros-nes,right,left,none,none,jump,none,NO,NO
marko-genesis,right,left,none,crouch,kick,jump,NO,NO
marsupilami-genesis,right,left,none,anim-d,none,jump,NO,NO
marvelland-genesis,right,left,none,crouch,none,none,NO,NO
mask-snes,right,left,none,crouch,jump,punch,NO,NO
masterofdarkness-sms,right,left,none,crouch,jump,sword,NO,NO
mcdonaldstreasurelandadventure-genesis,right,left,none,crouch,jump,shoot,NO,NO
mckids-nes,right,left,none,crouch,jump,none,NO,NO
megaman-nes,right,left,climb-u,climb-d,jump,shoot,NO,NO
megaman2-nes,right,left,none,none,jump,shoot,NO,NO
megamanthewilywars-genesis,right,left,none,none,jump,shoot,NO,NO
megaturrican-genesis,right,left,none,crouch,jump,shoot,NO,NO
metalstorm-nes,right,left,none,crouch,jump,shoot,NO,NO
michaeljacksonsmoonwalker-genesis,right,left,none,crouch,jump,kick,NO,YES
michaeljacksonsmoonwalker-sms,right,left,none,crouch,none,none,NO,YES
mickeymousecapade-nes,right,left,climb-u,climb-d,jump,none,NO,NO
midnightresistance-genesis,right,left,none,crouch,jump,none,NO,NO
mightybombjack-nes,right,left,none,none,jump,none,NO,NO
mightyfinalfight-nes,right,left,forward,backward,jump,punch,NO,NO
mightymorphinpowerrangersthemovie-genesis,right,left,forward,backward,jump,punch,NO,NO
mitsumegatooru-nes,right,left,none,none,jump,shoot,NO,NO
monsterinmypocket-nes,right,left,none,crouch,jump,attack,NO,NO
monsterlair-genesis,right,left,none,none,jump,shoot,NO,NO
monsterparty-nes,right,left,none,crouch,none,sword,NO,NO
montezumarevenge-atari2600,right,left,climb-u,climb-d,jump,jump,NO,NO
mrnutz-genesis,right,left,anim-u,crouch,none,jump,NO,NO
mrnutz-snes,right,left,anim-u,crouch,jump,punch,NO,NO
mysteryquest-nes,right,left,anim-u,crouch,jump,shoot,NO,NO
newzealandstory-genesis,right,left,none,none,none,jump,YES,NO
newzealandstory-sms,right,left,none,none,jump,shoot,YES,NO
ninjacrusaders-nes,right,left,none,crouch,jump,shoot,NO,NO
ninjagaiden-nes,right,left,climb-u,crouch,jump,sword,NO,NO
ninjagaiden-sms,right,left,none,crouch,jump,sword,NO,NO
ninjagaideniiitheancientshipofdoom-nes,right,left,none,crouch,jump,sword,NO,NO
ninjagaideniithedarkswordofchaos-nes,right,left,none,crouch,jump,sword,NO,NO
ninjakid-nes,right,left,none,crouch,jump,shoot,NO,NO
noahsark-nes,right,left,none,crouch,none,none,NO,NO
normysbeachbabeorama-genesis,right,left,look-u,crouch,none,jump,YES,NO
ottifants-genesis,right,left,none,crouch,none,none,NO,NO
ottifants-sms,right,left,none,crouch,none,jump,NO,NO
outtolunch-snes,right,left,none,crouch,jump,none,NO,NO
pacintime-snes,right,left,none,none,jump,none,NO,NO
panicrestaurant-nes,right,left,none,crouch,jump,attack,NO,NO
pinkgoestohollywood-genesis,right,left,anim-u,crouch,jump,punch,NO,NO
piratesofdarkwater-snes,right,left,forward,backward,jump,punch,NO,NO
pitfallthemayanadventure-genesis,right,left,none,crouch,attack,jump,NO,NO
pitfallthemayanadventure-snes,right,left,none,crouch,jump,attack shoot,NO,NO
pizzapop-nes,right,left,none,crouch,jump,attack,NO,NO
plok-snes,right,left,none,crouch,jump,shoot,NO,NO
popeye-nes,right,left,climb-u,climb-d,punch,none,NO,NO
popntwinbeerainbowbelladventures-snes,right,left,look-u,crouch,jump,anim,NO,NO
porkypigshauntedholiday-snes,right,left,none,crouch,jump,none,NO,NO
powerpiggsofthedarkage-snes,right,left,none,crouch,jump,sword,NO,NO
powprisonersofwar-nes,right,left,forward,backward,kick,punch,NO,NO
prehistorikman-snes,none,none,none,anim-d,none,attack,NO,NO
psychicworld-sms,right,left,none,crouch,jump,attack,NO,NO
pulseman-genesis,right,left,none,crouch,none,none,NO,NO
pussnbootsperosgreatadventure-nes,right,left,anim-u,crouch,jump,shoot,NO,YES
puttysquad-snes,right,left,none,crouch,jump,none,NO,NO
quackshot-genesis,right,left,none,crouch,jump,shoot,NO,NO
quartet-sms,right,left,none,crouch,shoot,jump,NO,NO
radicalrex-genesis,right,left,none,crouch,jump,attack,NO,NO
radicalrex-snes,right,left,none,crouch,jump,attack,NO,NO
rainbowislands-nes,right,left,none,none,jump,anim,NO,NO
rainbowislandsstoryofthebubblebobble2-sms,right,left,none,crouch,jump,anim,NO,NO
rangerx-genesis,right,left,up,crouch,shoot,shoot,YES,NO
rastansagaii-genesis,right,left,anim-u,crouch,none,jump,YES,NO
realm-snes,right,left,none,crouch,jump,shoot,NO,NO
renandstimpyshowpresentsstimpysinvention-genesis,right,left,none,crouch,jump,shoot,NO,NO
renandstimpyshowveediots-snes,right,left,none,crouch,jump,attack,NO,NO
renderingrangerr2-snes,right,left,aim-u,crouch,jump,shoot,YES,NO
revengeofshinobi-genesis,right,left,none,crouch,jump,shoot,NO,NO
riskywoods-genesis,right,left,none,crouch,none,jump,NO,NO
ristar-genesis,right,left,none,none,none,none,NO,YES
roadrunnersdeathvalleyrally-snes,right,left,none,crouch,jump,none,NO,NO
roboccowars-nes,right,left,none,none,jump,shoot,NO,NO
robocop2-nes,right,left,none,crouch,jump,shoot,NO,NO
robocop3-genesis,right,left,none,crouch,jump,shoot,NO,NO
robocop3-nes,right,left,none,crouch,jump,shoot,NO,NO
robocop3-sms,right,left,none,crouch,jump,shoot,NO,NO
robocopversustheterminator-sms,right,left,none,crouch,jump,shoot,NO,NO
robocopversustheterminator-snes,right,left,anim-u,crouch,anim,shoot,NO,NO
rocketknightadventures-genesis,right,left,none,crouch,none,jump,NO,NO
rockinkats-nes,right,left,look-u,crouch,jump,punch,NO,NO
rollingthunder2-genesis,right,left,none,crouch,jump,shoot,NO,NO
runningbattle-sms,right,left,none,crouch,jump,punch,NO,NO
runsaber-snes,right,left,none,crouch,jump,sword,NO,NO
rushnattack-nes,right,left,jump,crouch,none,punch,NO,NO
saintsword-genesis,right,left,none,crouch,jump,sword,NO,NO
scatspecialcyberneticattackteam-nes,right,left,up,down,none,shoot,NO,NO
sdherosoukessentaoseakunogundan-nes,right,left,none,crouch,jump,kick,NO,NO
secondsamurai-genesis,right,left,none,crouch,jump,punch,NO,NO
seikimaiiakumanogyakushuu-nes,right,left,none,none,jump,shoot,NO,NO
shadowdancerthesecretofshinobi-genesis,right,left,none,crouch,jump,shoot,NO,NO
shadowofthebeast-genesis,right,left,none,crouch,jump,punch,NO,NO
shatterhand-nes,right,left,none,crouch,jump,punch,NO,NO
shinobi-sms,right,left,anim-u,crouch,jump,shoot,NO,NO
shinobiiiireturnoftheninjamaster-genesis,right,left,none,crouch,jump,shoot,NO,NO
simpsonsbartvsthespacemutants-genesis,right,left,none,none,anim,jump,NO,NO
simpsonsbartvsthespacemutants-nes,right,left,none,none,jump,none,NO,NO
simpsonsbartvstheworld-nes,right,left,none,crouch,jump,none,NO,NO
skeletonkrew-genesis,right,left,forward,backward,jump,shoot,NO,NO
skuljaggerrevoltofthewesticans-snes,right,left,none,crouch,jump,sword,NO,NO
skykid-nes,right,left,up,down,none,none,NO,NO
smartball-snes,right,left,anim-u,crouch,jump,none,NO,NO
smurfs-genesis,right,left,none,crouch,none,jump,NO,NO
smurfs-nes,right,left,none,crouch,jump,none,NO,NO
smurfs-snes,right,left,none,crouch,jump,none,NO,NO
snakerattlenroll-nes,right,left,forward,backward,jump,anim,NO,NO
snowbrothers-nes,right,left,none,none,jump,none,NO,NO
socket-genesis,right,left,none,crouch,jump,attack,NO,NO
sonicandknuckles-genesis,right,left,anim-u,crouch,jump,jump,NO,NO
sonicandknuckles3-genesis,right,left,anim-u,crouch,jump,jump,NO,NO
sonicblast-sms,right,left,look-u,crouch,jump,none,NO,NO
sonicthehedgehog-genesis,right,left,look-u,crouch,jump,jump,NO,NO
sonicthehedgehog-sms,right,left,look-u,crouch look-d,jump,jump,NO,NO
sonicthehedgehog2-genesis,right,left,anim-u,crouch,jump,none,NO,NO
sonicthehedgehog2-sms,right,left,look-u,crouch look-d,jump,jump,NO,NO
sonicthehedgehog3-genesis,right,left,look-u,crouch,jump,jump,NO,NO
sonson-nes,right,left,jump,down,shoot,shoot,NO,NO
spankysquest-snes,right,left,none,none,jump,none,NO,NO
sparkster-genesis,right,left,none,crouch,attack,jump,NO,NO
sparkster-snes,right,left,look-u,crouch look-d,jump,shoot,NO,NO
spartanx2-nes,right,left,jump,crouch,punch,kick,NO,NO
speedygonzaleslosgatosbandidos-snes,right,left,look-u,look-d,jump,kick,NO,NO
spelunker-nes,right,left,up,down,jump,none,NO,NO
spidermanreturnofthesinistersix-sms,right,left,none,crouch,punch,jump,NO,NO
sprigganpowered-snes,right,left,up,down,none,shoot,NO,NO
starwars-nes,right,left,none,crouch,jump,shoot,NO,NO
stormlord-genesis,right,left,none,crouch,none,none,NO,NO
streetsofrage-genesis,right,left,forward,backward,jump,punch,NO,NO
strider-genesis,right,left,none,crouch,jump,attack,NO,NO
sunsetriders-genesis,right,left,anim-u,crouch,jump,shoot,YES,NO
superadventureisland-snes,right,left,none,crouch,jump,none,NO,NO
superalfredchicken-snes,right,left,anim-u,crouch,jump,none,NO,NO
superarabian-nes,right,left,none,crouch,kick,jump,NO,NO
superbckid-snes,right,left,none,none,jump,punch,NO,NO
superc-nes,right,left,anim-u,crouch,jump,shoot,NO,NO
supercastlevaniaiv-snes,right,left,none,crouch,jump,attack,NO,NO
superghoulsnghosts-snes,right,left,none,crouch,jump,shoot,NO,NO
superjamespond-snes,right,left,none,crouch,jump,up,NO,NO
superman-genesis,right,left,none,crouch,jump,punch,NO,NO
supermanthemanofsteel-sms,right,left,none,crouch,punch,jump,NO,NO
supermariobros-nes,right,left,none,none,jump,none,NO,NO
supermariobros3-nes,right,left,none,none,jump,none,NO,NO
supermarioworld-snes,right,left,anim-u,crouch,jump,none,NO,NO
supermarioworld2-snes,right,left,look-u,crouch look-d,jump,punch,NO,NO
superpitfall-nes,right,left,climb-u,crouch,jump,shoot,NO,NO
superstarwars-snes,right,left,none,crouch,jump,shoot,NO,NO
superstarwarstheempirestrikesback-snes,right,left,none,crouch,jump,sword,NO,NO
supertrollislands-snes,right,left,look-u,none,jump,shoot,NO,NO
superturrican-snes,right,left,none,crouch,jump,shoot,NO,NO
superturrican2-snes,right,left,none,crouch,jump,shoot,NO,NO
superwidget-snes,right,left,none,crouch,jump,punch,NO,NO
superwonderboy-sms,right,left,none,none,jump,none,NO,NO
swampthing-nes,right,left,none,crouch,jump,none,NO,NO
swordofsodan-genesis,right,left,none,crouch,sword,jump,NO,NO
sydofvalis-genesis,right,left,none,crouch,jump,shoot,NO,NO
sylvesterandtweetyincageycapers-genesis,right,left,look-u,crouch,jump,punch,NO,NO
takahashimeijinnobuguttehoney-nes,right,left,up,down,up,shoot,NO,NO
targetearth-genesis,right,left,none,none,none,jump,NO,NO
tazmania-genesis,right,left,none,none,jump,anim,NO,NO
tazmania-sms,right,left,none,crouch,jump,anim,NO,NO
teenagemutantninjaturtles-nes,right,left,climb-u,climb-d,jump,punch,NO,NO
teenagemutantninjaturtlesiiithemanhattanproject-nes,right,left,forward,backward,jump,sword,NO,NO
teenagemutantninjaturtlesiithearcadegame-nes,right,left,forward,backward,jump,sword,NO,NO
terminator-genesis,right,left,none,crouch,jump,throw,NO,NO
terminator-sms,right,left,anim-u,crouch,jump,throw,NO,NO
terminator2judgmentday-nes,right,left,none,crouch,jump,punch,NO,NO
tetsuwanatom-nes,right,left,none,crouch,jump,punch,NO,NO
thunderfox-genesis,right,left,none,crouch,none,jump,NO,NO
timezone-nes,right,left,none,none,jump,throw,NO,NO
tinhead-genesis,right,left,none,crouch,jump,shoot,NO,NO
tinytoonadventures-nes,right,left,none,crouch,jump,jump,YES,NO
tinytoonadventuresbusterbustsloose-snes,right,left,none,crouch,jump,jump kick,NO,NO
tinytoonadventuresbustershiddentreasure-genesis,right,left,anim-u,crouch,jump,none,NO,NO
toki-nes,right,left,none,crouch,jump,shoot,NO,NO
tomandjerry-snes,right,left,none,crouch,jump,none,NO,NO
totallyrad-nes,right,left,none,crouch,jump,shoot,NO,NO
totalrecall-nes,right,left,none,crouch,jump,punch,NO,NO
toxiccrusaders-nes,right,left,forward,backward,jump,sword,NO,NO
treasuremaster-nes,right,left,none,crouch,jump,none,NO,NO
trollsincrazyland-nes,right,left,none,crouch,jump,shoot,NO,NO
troubleshooter-genesis,right,left,up,down,none,shoot,NO,NO
turrican-genesis,right,left,jump,crouch,shoot,jump,NO,NO
universalsoldier-genesis,right,left,jump,crouch,attack,jump,NO,NO
uruseiyatsuralumnoweddingbell-nes,right,left,none,crouch,jump,shoot,NO,NO
vectorman-genesis,right,left,none,crouch,jump,shoot,NO,YES
vectorman2-genesis,right,left,none,none,none,shoot,NO,YES
waniwaniworld-genesis,right,left,none,none,attack,none,YES,NO
wardner-genesis,right,left,none,crouch,jump,throw,NO,NO
waynesworld-nes,right,left,climb-u,crouch,jump,shoot,NO,NO
werebackadinosaursstory-snes,right,left,climb-u,crouch,jump,none,NO,NO
widget-nes,right,left,none,crouch,jump,shoot,NO,NO
wizardsandwarriors-nes,right,left,none,crouch,jump,sword,NO,NO
wiznliz-genesis,right,left,anim-u,crouch,jump,jump,NO,NO
wolfchild-genesis,right,left,none,crouch,jump,punch,NO,NO
wolfchild-sms,right,left,none,crouch,punch,jump,NO,NO
wolfchild-snes,right,left,none,crouch,jump,punch,NO,NO
wolverineadamantiumrage-genesis,right,left,attack,crouch,punch,kick,NO,NO
wonderboyinmonsterworld-sms,right,left,none,crouch,jump,attack,NO,NO
wrathoftheblackmanta-nes,right,left,none,crouch,jump,punch,NO,NO
wreckingcrew-nes,right,left,none,none,attack,attack,NO,NO
xexyz-nes,right,left,anim-u,crouch,jump,shoot,NO,NO
xmenmojoworld-sms,right,left,none,crouch,jump,punch,NO,NO
youkaiclub-nes,right,left,none,crouch,jump,shoot,YES,NO
youkaidouchuuki-nes,right,left,none,crouch,jump,throw,NO,NO
youngindianajoneschronicles-nes,right,left,none,crouch,jump,attack,NO,NO
zerothekamikazesquirrel-genesis,right,left,none,crouch,anim,jump,NO,NO
zerothekamikazesquirrel-snes,right,left,none,crouch,jump,shoot,NO,NO
zoolninjaofthenthdimension-genesis,right,left,none,crouch,none,jump,NO,NO
zoolninjaofthenthdimension-sms,right,left,none,crouch,shoot,jump,NO,NO
zoolninjaofthenthdimension-snes,right,left,none,crouch,shoot,jump,NO,NO
1942-nes,right,left,up,down,anim,shoot,NO,NO
1943-nes,right,left,up,down,anim,shoot,NO,NO
abadoxthedeadlyinnerwar-nes,right,left,up,down,none,shoot,NO,NO
accelebrid-snes,right,left,up,down,none,shoot,NO,NO
advancedbusterhawkgleylancer-genesis,right,left,up,down,none,shoot,NO,NO
adventure-atari2600,right,left,up,down,none,none,NO,NO
adventuresofbatmanandrobin-genesis,right,left,none,crouch,shoot,jump,NO,NO
adventuresofbayoubilly-nes,right,left,none,none,kick,punch,NO,NO
adventuresofdinoriki-nes,right,left,up,down,jump,shoot,NO,NO
aerofighters-snes,right,left,up,down,none,shoot,YES,NO
aerostar-gameboy,right,left,up,down,none,shoot,NO,NO
afterburnerii-genesis,none,none,none,none,none,none,NO,YES
airbuster-genesis,right,left,up,down,none,shoot,NO,NO
aircavalry-snes,right,left,forward,backward,none,none,NO,NO
airdiver-genesis,right,left,up,down,none,none,NO,NO
airraid-atari2600,right,left,none,none,shoot,shoot,NO,NO
airstriker-genesis,right,left,none,none,none,shoot,NO,NO
airwolf-nes,right,left,up,down,shoot,none,NO,NO
alien-atari2600,right,left,up,down,shoot,shoot,NO,NO
aliensyndrome-sms,right,left,up,down,menu,none,YES,NO
alienvspredator-snes,right,left,forward,backward,jump,punch,NO,NO
alleyway-gameboy,right,left,none,none,shoot,none,NO,NO
alphamission-nes,right,left,up,down,shoot,shoot,NO,NO
amazingpenguin-gameboy,right,left,up,down,none,none,NO,NO
americangladiators-genesis,right,left,none,none,pause,pause,NO,NO
amidar-atari2600,none,none,none,none,none,none,NO,NO
archrivalsthearcadegame-genesis,right,left,forward,backward,attack,none,NO,NO
archermacleanssuperdropzone-snes,right,left,up,down,anim,anim,NO,NO
argus-nes,right,left,up,down,shoot,shoot,NO,NO
arielthelittlemermaid-genesis,right,left,up,down,anim,shoot up,NO,NO
arkanoid-nes,right,left,shoot,shoot,shoot,shoot,NO,NO
arkistasring-nes,right,left,up,down,attack,none,NO,NO
arrowflash-genesis,right,left,up,down,anim,shoot,YES,NO
artoffighting-genesis,right,left,jump,crouch,punch,kick,NO,YES
artoffighting-snes,none,none,none,none,none,none,NO,YES
assault-atari2600,right,left,shoot,none,none,none,NO,NO
asteroids-atari2600,rotate-r,rotate-l,up,down,none,none,YES,NO
asteroids-gameboy,none,none,none,none,none,none,NO,YES
astrorabby-gameboy,right,left,up,down,anim,none,NO,NO
astrorobosasa-nes,turn-r,turn-l,anim-u,anim-d,shoot,none,NO,NO
astrowarrior-sms,right,left,up,down,shoot,shoot,NO,NO
attackanimalgakuen-nes,right,left,up,down,none,none,NO,NO
axelay-snes,right,left,up,down,shoot,none,NO,NO
ayrtonsennassupermonacogpii-genesis,none,none,none,crouch,none,none,NO,NO
bwings-nes,right,left,up,down,none,anim,NO,NO
backtothefuturepartiii-genesis,right,left,anim-u,anim-d,anim,jump,NO,NO
baltron-nes,right,left,up,down,shoot,none,NO,NO
barkleyshutupandjam-genesis,right,left,forward,backward,anim,none,NO,YES
barkleyshutupandjam2-genesis,none,none,none,none,none,none,NO,YES
batmanreturns-snes,right,left,forward,backward,jump,punch,NO,NO
battlearenatoshinden-gameboy,none,none,none,none,none,none,NO,YES
battlebull-gameboy,right,left,up,down,none,none,NO,NO
battlecity-nes,right,left,up,down,none,none,NO,NO
battlemasterkyuukyokunosenshitachi-snes,right,left,jump,crouch,none,none,NO,NO
battlesquadron-genesis,right,left,up,down,shoot,anim,NO,NO
battletechagameofarmoredcombat-genesis,right,left,up,down,none,shoot,NO,YES
battleunitzeoth-gameboy,right,left,none,crouch,up,shoot,NO,NO
battlezequeden-snes,right,left,none,crouch,jump,punch,NO,NO
battlezone-atari2600,none,none,none,none,none,none,NO,NO
battletoads-genesis,right,left,forward,backward,none,punch,NO,NO
battletoads-nes,right,left,forward,backward,jump,none,NO,NO
battletoadsdoubledragon-snes,right,left,forward,backward,punch,jump,NO,NO
battletoadsinbattlemaniacs-snes,right,left,forward,backward,punch,jump,NO,NO
beamrider-atari2600,none,none,none,none,anim,anim,NO,NO
berzerk-atari2600,right,left,up,down,shoot,shoot,NO,NO
biminirun-genesis,right,left,none,none,shoot,none,NO,NO
binaryland-nes,none,none,none,none,none,none,NO,NO
biohazardbattle-genesis,right,left,up,down,anim,anim,NO,NO
biometal-snes,right,left,up,down,shoot,anim,NO,NO
birdweek-nes,right,left,up,down,none,none,NO,NO
bishoujosenshisailormoon-genesis,right,left,forward,backward,anim,jump,NO,NO
blazeonthebiocyborgchallenge-snes,right,left,up,down,shoot,shoot,YES,NO
bladeeagle-sms,right,left,up,down,shoot,none,NO,NO
blockkuzushi-snes,right,left,none,none,none,none,NO,NO
blockkuzushigb-gameboy,right,left,none,none,shoot,none,NO,NO
blockout-genesis,right,left,up,down,rotate-l,rotate-z,NO,NO
bodycount-genesis,right,left,up,down,none,shoot,NO,NO
bomberraid-sms,right,left,up,down,attack,shoot,NO,NO
boobyboys-gameboy,right,left,up,down,none,none,YES,NO
boobykids-nes,right,left,up,down,none,none,YES,NO
boogiewoogiebowling-genesis,none,none,none,none,none,none,NO,NO
boulderdash-gameboy,right,left,up,down,none,none,NO,NO
boulderdash-nes,right,left,up,down,none,none,NO,NO
bowling-atari2600,none,none,up,down,shoot,shoot,NO,NO
boxing-atari2600,right,left,up,down,attack,attack,NO,NO
boxinglegendsofthering-genesis,none,none,none,none,none,none,NO,YES
brawlbrothers-snes,right,left,forward,backward,jump,punch,NO,NO
breakthru-nes,right,left,up,down,jump,shoot,NO,NO
breakout-atari2600,right,left,none,none,shoot,shoot,NO,NO
bubbleghost-gameboy,right,left,up,down,shoot,none,NO,NO
bullsversusblazersandthenbaplayoffs-genesis,none,none,none,none,none,none,NO,YES
bullsvslakersandthenbaplayoffs-genesis,none,none,none,none,none,none,NO,YES
burningforce-genesis,right,left,none,none,none,shoot,NO,NO
cacomaknightinbizyland-snes,right,left,up,down,none,none,NO,NO
calripkenjrbaseball-genesis,right,left,none,crouch,shoot,shoot,NO,NO
caliber50-genesis,right,left,up,down,anim,shoot,YES,NO
californiagames-genesis,right,left,none,turn,shoot up,shoot up,NO,NO
cameltry-snes,turn-r,turn-l,anim,none,none,turn-r,NO,NO
cannonfodder-genesis,right,left,up,down,none,anim,NO,NO
cannonfodder-snes,right,left,up,down,anim,menu,NO,NO
captainamericaandtheavengers-genesis,right,left,forward,backward,punch,punch,NO,NO
captainamericaandtheavengers-snes,right,left,forward,backward,jump,punch,NO,NO
captaincommando-snes,right,left,forward,backward,jump,sword,NO,NO
captainplanetandtheplaneteers-nes,right,left,up,down,shoot,anim,NO,NO
captainsilver-nes,right,left,none,crouch,jump,shoot,NO,NO
carnival-atari2600,right,left,none,none,shoot,shoot,NO,NO
castlevaniadraculax-snes,right,left,none,crouch,jump,attack,NO,NO
centipede-atari2600,right,left,up,down,shoot,shoot,NO,NO
championsworldclasssoccer-genesis,none,none,none,none,none,none,NO,YES
championshipproam-genesis,rotate-r,rotate-l,none,none,none,none,NO,NO
chaosengine-genesis,none,none,none,none,none,none,NO,YES
chasehqii-genesis,none,none,none,none,none,forward,NO,NO
chichisprochallengegolf-genesis,right,left,none,none,none,none,NO,NO
choplifter-nes,none,none,up,none,none,none,NO,NO
choplifteriiirescuesurvive-snes,right,left,up,none,shoot,none,NO,NO
choppercommand-atari2600,left,right,up,down,shoot,shoot,NO,YES
choufuyuuyousaiexedexes-nes,right,left,up,down,shoot,anim,YES,NO
choujikuuyousaimacross-nes,right,left,up,down,none,none,NO,NO
choujikuuyousaimacrossscrambledvalkyrie-snes,right,left,up,down,shoot,anim,NO,NO
chubbycherub-nes,right,left,none,none,none,jump,NO,NO
circuscaper-nes,right,left,none,crouch,jump,punch,NO,NO
clayfighter-genesis,none,none,none,none,none,none,NO,YES
cliffhanger-genesis,right,left,forward,backward,jump,kick,NO,NO
cliffhanger-snes,right,left,forward,backward,kick,punch,NO,NO
cloudmaster-sms,right,left,up,down,none,none,NO,NO
clucluland-nes,right-c right,left-c left,up-c up,down-c down,anim,anim,NO,NO
cobratriangle-nes,rotate-r,rotate-l,none,none,shoot,move,NO,NO
collegeslam-genesis,none,none,none,none,none,none,NO,YES
columns-genesis,right,left,none,down,anim,anim,NO,NO
columnsiii-genesis,none,none,none,none,none,none,NO,YES
combatcars-genesis,rotate-r,rotate-l,none,none,none,move,NO,NO
comicalmachinegunjoe-sms,right,left,none,none,jump,shoot,NO,NO
comixzone-genesis,right,left,anim,crouch,anim,jump,NO,NO
cosmicepsilon-nes,right,left,up,down,anim,anim,NO,NO
cosmogangthevideo-snes,right,left,none,none,none,none,NO,NO
crackdown-genesis,right,left,up,down,explode,none,NO,NO
crazyclimber-atari2600,none,none,none,none,none,none,NO,NO
crueballheavymetalpinball-genesis,paddle-l,paddle-l,paddle-l,paddle-l,paddle-r,none,NO,NO
curse-genesis,right,left,up,down,none,shoot,YES,NO
cutiesuzukinoringsideangel-genesis,right,left,forward,backward,none,none,NO,NO
cyberball-genesis,none,none,none,none,none,none,NO,YES
cyborgjustice-genesis,right,left,forward,backward,kick,punch,NO,NO
djboy-genesis,right,left,up,down,jump,kick,NO,NO
daisenpuutwinhawk-genesis,right,left,up,down,shoot,anim,NO,NO
dangerousseed-genesis,right,left,up,down,none,anim,NO,NO
dariusforce-snes,right,left,up,down,throw,shoot,NO,NO
dariusii-genesis,right,left,up,down,shoot,throw,YES,NO
dariustwin-snes,right,left,up,down,throw,shoot,NO,NO
darwin4081-genesis,right,left,up,down,shoot up,shoot up,NO,NO
dashgalaxyinthealienasylum-nes,right,left,up,down,none,none,NO,NO
davidrobinsonssupremecourt-genesis,none,none,none,none,none,none,NO,YES
deadlymoves-genesis,right,left,none,none,none,none,NO,NO
deathduel-genesis,none,none,none,none,shoot,shoot,NO,NO
defenderii-nes,right,left,up,down,none,none,NO,NO
desertstrikereturntothegulf-genesis,rotate-r,rotate-l,move,move,shoot,shoot,NO,NO
devilcrashmd-genesis,none,none,none,none,none,none,NO,NO
devilishthenextpossession-genesis,none,none,none,none,none,none,NO,NO
dicktracy-sms,right,left,none,crouch,jump,shoot,NO,NO
dickvitalesawesomebabycollegehoops-genesis,none,none,none,none,none,none,NO,YES
digdugiitroubleinparadise-nes,right,left,up,down,anim,none,NO,NO
dimensionforce-snes,right,left,up,down,shoot,none,NO,NO
dinoland-genesis,paddle-l,paddle-l,paddle-l,paddle-l,paddle-r,none,NO,YES
doubledragon-genesis,right,left,forward,backward,punch,jump,NO,NO
doubledragon-nes,right,left,forward,backward,none,none,NO,NO
doubledragoniitherevenge-genesis,right,left,forward,backward,punch,jump,NO,NO
doubledragoniitherevenge-nes,right,left,forward,backward,none,none,NO,NO
doubledragonvtheshadowfalls-genesis,none,none,none,none,none,none,NO,YES
doubledribbletheplayoffedition-genesis,right,left,forward,backward,none,none,NO,YES
doubledunk-atari2600,none,none,none,none,none,none,NO,NO
drrobotniksmeanbeanmachine-genesis,right,left,none,down,none,none,NO,NO
dragonpower-nes,right,left,forward,backward,none,none,NO,NO
dragonspiritthenewlegend-nes,right,left,up,down,shoot,none,NO,NO
dragonthebruceleestory-genesis,right,left,jump,crouch,none,kick,NO,NO
dragonthebruceleestory-snes,right,left,jump,crouch,kick,punch,NO,NO
dragonsrevenge-genesis,paddle-l,paddle-l,paddle-l,paddle-l,none,paddle-r,NO,NO
dreamteamusa-genesis,right,left,forward,backward,none,none,NO,YES
dynamiteduke-genesis,right,left,up,down,punch,punch,NO,NO
dynamiteduke-sms,right,left,up,down,punch,none,NO,NO
espnbaseballtonight-genesis,none,none,none,none,none,none,NO,YES
earthdefenseforce-snes,right,left,up,down,shoot,none,NO,NO
elementalmaster-genesis,right,left,up,down,none,shoot,NO,NO
eliminatedown-genesis,right,left,up,down,none,shoot,NO,NO
enduro-atari2600,right,left,none,none,anim,anim,NO,NO
europeanclubsoccer-genesis,none,none,none,none,none,none,NO,YES
exerion-nes,right,left,up,down,shoot,none,NO,NO
f1-genesis,none,none,none,none,none,none,NO,NO
fzsenkiaxisfinalzone-genesis,right,left,up,down,menu,shoot,NO,NO
faerytaleadventure-genesis,right,left,up,down,menu,none,NO,NO
fantasyzone-sms,right,left,up,down,throw,shoot,NO,NO
fantasyzoneiiopaopanonamida-nes,right,left,up,down,none,shoot,NO,NO
fantasyzoneiithetearsofopaopa-sms,right,left,up,down,throw,shoot,NO,NO
fantasyzonethemaze-sms,none,none,none,none,none,none,NO,NO
fatalfury-genesis,none,none,none,none,none,none,NO,NO
fatalfury2-genesis,none,none,none,none,none,none,NO,NO
fatallabyrinth-genesis,right,left,forward,backward,menu,none,NO,NO
ferrarigrandprixchallenge-genesis,none,none,none,none,none,none,NO,NO
fightingmasters-genesis,right,left,none,crouch,none,none,NO,YES
finalfight-snes,right,left,forward,backward,jump,punch,NO,NO
finalfight2-snes,right,left,forward,backward,jump,punch,NO,NO
finalfight3-snes,right,left,forward,backward,jump,punch,NO,NO
finalfightguy-snes,right,left,forward,backward,jump,punch,NO,NO
fishingderby-atari2600,right,left,none,down,none,none,NO,NO
fistofthenorthstar-nes,right,left,jump,crouch,punch,punch,NO,NO
flyinghero-nes,right,left,none,none,none,jump,NO,NO
flyingherobugyurunodaibouken-snes,right,left,up,down,shoot,anim,NO,NO
foremanforreal-genesis,right,left,none,crouch,punch,none,NO,YES
frankthomasbighurtbaseball-genesis,none,none,none,none,none,none,NO,NO
freeway-atari2600,none,none,up,down,none,none,NO,NO
frogger-genesis,none,none,up,down,none,none,NO,NO
frontline-nes,right,left,up,down,throw,shoot,NO,NO
frostbite-atari2600,right,left,none,jump backward,none,none,NO,NO
fushiginooshiropitpot-sms,right,left,up,down,none,none,NO,NO
gadgettwins-genesis,right,left,up,down,none,none,NO,NO
gaiares-genesis,right,left,up,down,shoot,shoot,NO,NO
gainground-genesis,none,none,none,none,anim,anim,NO,NO
galagademonsofdeath-nes,right,left,none,none,shoot,shoot,NO,NO
galaxyforce-sms,right,left,up,down,shoot,shoot,NO,NO
galaxyforceii-genesis,none,none,none,none,none,none,NO,YES
gauntlet-genesis,right,left,up,down,menu,shoot,NO,NO
gauntlet-sms,right,left,up,down,none,shoot,NO,NO
geimos-nes,right,left,up,down,shoot,shoot,NO,NO
generalchaos-genesis,right,left,up,down,anim,anim,NO,NO
globaldefense-sms,right,left,up,down,shoot,none,NO,NO
gokujouparodius-snes,right,left,up,down,shoot,none,YES,NO
goldenaxe-genesis,right,left,forward,backward,jump,sword,NO,NO
gradius-nes,right,left,up,down,shoot,none,NO,NO
gradiusii-nes,right,left,up,down,none,shoot,NO,NO
gradiusiii-snes,right,left,up,down,shoot,none,NO,NO
gradiustheinterstellarassault-gameboy,right,left,up,down,none,shoot,NO,NO
granada-genesis,right,left,up,down,shoot,none,YES,NO
greattank-nes,right,left,up,down,shoot,shoot,NO,NO
greatwaldosearch-genesis,right,left,up,down,menu,none,NO,NO
gremlins2thenewbatch-nes,right,left,up,down,jump,shoot,NO,NO
grindstormer-genesis,right,left,up,down,shoot,anim,NO,NO
growl-genesis,none,none,none,none,none,none,NO,YES
guardianlegend-nes,right,left,up,down,none,shoot,NO,NO
guerrillawar-nes,right,left,up,down,shoot,shoot,NO,NO
gunnac-nes,right,left,up,down,anim,shoot,NO,NO
gunship-genesis,right,left,down,up,none,none,NO,NO
gynoug-genesis,right,left,up,down,none,shoot,NO,NO
gyrodine-nes,right,left,up,down,shoot,shoot,NO,NO
gyruss-nes,rotate-r,rotate-l,none,none,shoot,none,NO,NO
hangon-sms,none,none,none,none,none,none,NO,NO
harddrivin-genesis,none,none,forward,none,none,none,NO,NO
heavybarrel-nes,right,left,up,down,none,shoot,NO,NO
heavyunitmegadrivespecial-genesis,right,left,up,down,shoot,none,NO,NO
hellfire-genesis,right,left,up,down,shoot,anim,NO,NO
highstakesgambling-gameboy,none,none,none,none,none,anim,NO,NO
homealone-genesis,right,left,up,down,none,none,NO,NO
homealone2lostinnewyork-nes,right,left,forward,crouch,jump,none,NO,NO
huntforredoctober-nes,right,left,up,down,shoot,shoot up,NO,NO
huntforredoctober-snes,right,left,up,down,throw,shoot,NO,NO
imginternationaltourtennis-genesis,none,none,none,none,none,none,NO,NO
ikari-nes,right,left,up,down,shoot,shoot,YES,NO
ikariiiitherescue-nes,right,left,up,down,kick,punch,NO,NO
ikki-nes,right,left,up,down,anim,anim,NO,NO
imperium-snes,right,left,up,down,none,shoot,NO,NO
insectorx-genesis,right,left,up,down,none,shoot,NO,YES
insectorx-nes,right,left,up,down,none,shoot,NO,YES
ishidothewayofstones-genesis,right,left,up,down,menu,menu,NO,NO
isolatedwarrior-nes,right,left,up,down,jump,shoot,NO,NO
jackal-nes,right,left,up,down,throw,shoot,NO,NO
jamespondunderwateragent-genesis,right,left,up,down,none,none,NO,YES
jamesbond-atari2600,none,none,none,none,shoot,shoot,NO,NO
jaws-nes,right,left,up,down,none,none,NO,NO
joeandmac-genesis,right,left,none,crouch,jump,throw,YES,NO
journeyescape-atari2600,right,left,up,down,none,none,NO,NO
justiceleaguetaskforce-genesis,none,none,none,none,none,none,NO,YES
kagekifistsofsteel-genesis,right,left,up,down,punch,punch,NO,NO
kaitetsukutteasoberudezaemon-snes,right,left,up,down,anim,shoot,NO,NO
keroppitokeroriinunosplashbomb-nes,right,left,up,down,none,none,YES,YES
kingofdragons-snes,right,left,forward,backward,jump,sword,NO,NO
kingofthemonsters2-genesis,none,none,none,none,none,none,NO,YES
kingofthemonsters2-snes,none,none,none,none,none,none,NO,YES
knightsoftheround-snes,right,left,forward,backward,jump,sword,NO,NO
kungfu-nes,right,left,jump,crouch,punch,kick,NO,NO
kungfuheroes-nes,right,left,up,down,jump,none,NO,NO
kungfukid-sms,right,left,none,crouch,kick,jump,NO,NO
lastactionhero-genesis,right,left,none,crouch,jump,punch,NO,YES
laststarfighter-nes,right,left,up,down,none,shoot,NO,NO
lawnmowerman-genesis,right,left,none,crouch,none,none,NO,NO
legend-snes,right,left,forward,backward,jump,sword,NO,NO
legendofprincevaliant-nes,right,left,none,crouch,jump,shoot,NO,NO
legendarywings-nes,right,left,up,down,shoot,shoot,NO,NO
lethalenforcers-genesis,right,left,up,down,none,shoot,NO,NO
lethalenforcersiigunfighters-genesis,right,left,up,down,none,none,NO,NO
lifeforce-nes,right,left,up,down,none,shoot,NO,NO
lineoffire-sms,right,left,up,down,shoot,shoot,NO,NO
littlemermaid-nes,right,left,up,down,shoot,none,NO,NO
musha-genesis,right,left,up,down,shoot,none,NO,NO
magmax-nes,right,left,up,down,shoot,shoot,NO,NO
maourenjishi-genesis,right,left,forward,backward,punch,jump,NO,NO
mechanizedattack-nes,right,left,up,down,none,shoot,NO,NO
megaswiv-genesis,right,left,up,down,none,shoot,NO,NO
mendelpalace-nes,right,left,up,down,none,anim,NO,NO
mightymorphinpowerrangers-genesis,right,left,jump,crouch,none,kick,NO,NO
mightymorphinpowerrangersthemovie-snes,right,left,none,crouch,jump,punch,NO,NO
millipede-nes,right,left,up,down,shoot,none,NO,NO
moerotwinbeecinnamonhakaseosukue-nes,right,left,up,down,anim,shoot throw,NO,NO
moonpatrol-atari2600,right,left,jump,none,shoot,shoot,NO,NO
mortalkombat-genesis,none,none,none,none,none,none,NO,YES
mortalkombat3-genesis,right,left,jump,crouch,none,none,NO,YES
mortalkombatii-genesis,none,none,none,none,none,none,NO,YES
mspacman-genesis,none,none,none,none,none,none,NO,YES
mspacman-nes,right,left,up,down,none,none,NO,YES
mspacman-sms,right,left,up,down,none,none,NO,YES
mutantviruscrisisinacomputerworld-nes,none,none,none,none,anim,none,NO,NO
myhero-sms,right,left,none,crouch,punch,jump,NO,NO
narc-nes,right,left,forward,backward,shoot,crouch,NO,NO
nhl94-genesis,none,none,none,none,none,none,NO,YES
ninja-sms,right,left,up,down,shoot,shoot,NO,NO
operationwolf-nes,right,left,up,down,shoot,shoot,NO,NO
overhorizon-nes,right,left,up,down,shoot,shoot left,YES,NO
pacmannamco-nes,right,left,up,down,none,none,NO,NO
pacmania-genesis,right,left,forward,backward,none,jump,NO,NO
pacmania-sms,right,left,forward,backward,jump,jump,NO,NO
paperboy-genesis,right,left,forward,none,throw,throw,NO,NO
paperboy-nes,right,left,none,none,shoot,shoot,NO,NO
paperboy-sms,right,left,none,none,none,none,NO,NO
paperboy2-genesis,right,left,none,crouch,jump,shoot,NO,NO
parodius-nes,right,left,up,down,none,shoot,NO,NO
parodius-snes,right,left,up,down,shoot,none,NO,NO
peacekeepers-snes,right,left,forward,backward,jump,punch,NO,NO
penguinkunwars-nes,right,left,none,none,none,none,NO,NO
phalanx-snes,right,left,up,down,none,none,NO,NO
phelios-genesis,right,left,up,down,shoot,shoot,NO,NO
phoenix-atari2600,right,left,none,anim,shoot,shoot,NO,NO
pitfighter-genesis,right,left,forward,backward,none,none,NO,NO
pitfighter-sms,right,left,forward,backward,kick,punch,NO,NO
pong-atari2600,none,none,up,down,none,none,NO,NO
pooyan-nes,none,none,up,down,shoot,shoot,NO,NO
popntwinbee-snes,right,left,up,down,shoot,shoot,NO,NO
poseidonwars3d-sms,right,left,up,down,shoot,shoot,NO,NO
powerathlete-genesis,right,left,forward,backward,none,none,NO,YES
powerstrike-sms,right,left,up,down,shoot,shoot,NO,NO
powerstrikeii-sms,right,left,up,down,none,shoot,YES,NO
predator2-genesis,right,left,forward,backward,none,shoot,YES,NO
predator2-sms,right,left,forward,backward,none,shoot,YES,NO
privateeye-atari2600,right,left,none,none,pause,pause,NO,NO
punchout-nes,none,none,none,none,none,none,NO,NO
punisher-genesis,right,left,forward,backward,none,jump,NO,NO
punisher-nes,right,left,none,none,shoot,shoot,NO,NO
qbert-nes,right,left,jump forward,jump backward,none,none,NO,YES
qbert-atari2600,none,none,none,none,none,none,NO,YES
quarth-nes,right,left,none,none,shoot,shoot,NO,NO
rtype-sms,right,left,up,down,none,shoot,NO,NO
rtypeiii-snes,right,left,up,down,none,shoot,YES,NO
raidendensetsu-snes,right,left,up,down,shoot,none,NO,YES
raidendensetsuraidentrad-genesis,right,left,up,down,shoot,shoot,NO,NO
rambofirstbloodpartii-sms,right,left,none,none,none,none,YES,NO
ramboiii-genesis,right,left,up,down,shoot,anim,NO,NO
rampage-nes,right,left,none,anim,punch,jump,NO,NO
renegade-nes,right,left,up,down,punch,kick,NO,NO
renegade-sms,right,left,up,down,kick,punch,NO,NO
riseoftherobots-genesis,none,none,none,none,none,none,NO,YES
rivalturf-snes,right,left,forward,backward,jump,punch,NO,NO
robocop3-snes,right,left,none,crouch,jump,shoot,NO,NO
robowarrior-nes,right,left,up,down,shoot,drop,NO,NO
robotank-atari2600,right,left,forward,backward,shoot,shoot,NO,NO
rollerball-nes,paddle-l,paddle-l,paddle-l,paddle-l,paddle-r,paddle-r,NO,NO
rollergames-nes,right,left,forward,backward,jump,punch,NO,NO
sagaia-genesis,right,left,up,down,shoot,throw,YES,YES
sagaia-sms,right,left,up,down,throw,shoot,YES,NO
samesamesame-genesis,none,none,none,none,none,none,NO,YES
samuraishodown-genesis,none,none,none,none,none,none,NO,YES
sansuu5and6nenkeisangame-nes,right,left,up,down,shoot,none,NO,NO
satellite7-sms,right,left,up,down,shoot,shoot,YES,NO
seaquest-atari2600,none,none,none,none,none,none,NO,NO
sectionz-nes,right,left,up,down,shoot,shoot left,NO,NO
seicross-nes,right,left,up,down,shoot,shoot,NO,NO
senjounoookamiiimercs-genesis,right,left,up,down,shoot,shoot,NO,NO
shaqfu-genesis,right,left,jump,crouch,kick,kick,NO,NO
silversurfer-nes,right,left,up,down,shoot,none,NO,NO
simpsonsbartmanmeetsradioactiveman-nes,right,left,none,crouch,jump,punch,NO,NO
skydestroyer-nes,right,left,up,down,shoot,shoot down,NO,NO
skyshark-nes,right,left,up,down,shoot,shoot,NO,NO
smashtv-nes,right,left,up,down,shoot,shoot,NO,NO
soldeace-genesis,right,left,up,down,shoot,shoot,YES,NO
solaris-atari2600,none,none,none,none,forward,forward,NO,NO
soldiersoffortune-genesis,right,left,up,down,none,none,NO,NO
sonicblastman-snes,right,left,forward,backward,jump,punch,NO,NO
sonicblastmanii-snes,right,left,forward,backward,jump,punch,NO,NO
sonicwings-snes,right,left,up,down,explode,shoot,NO,NO
spaceharrier-nes,right,left,up,down,shoot,shoot,NO,NO
spaceharrier-sms,right,left,up,down,shoot,shoot,NO,NO
spaceharrier3d-sms,right,left,up,down,shoot,shoot,NO,NO
spaceharrierii-genesis,right,left,up,down,shoot,shoot,NO,NO
spaceinvaders-nes,right,left,none,none,shoot,shoot,NO,NO
spaceinvaders-snes,right,left,none,none,shoot,shoot,NO,NO
spaceinvaders91-genesis,right,left,none,none,shoot,none,NO,NO
spacemegaforce-snes,right,left,up,down,anim,shoot,NO,NO
splatterhouse2-genesis,right,left,anim,crouch,jump,punch,NO,NO
spotgoestohollywood-genesis,right down,left up,up right,left down,none,jump,NO,NO
spyhunter-nes,none,none,move,none,none,shoot,NO,NO
sqoon-nes,right,left,up,down,shoot,throw,NO,NO
starforce-nes,right,left,up,down,shoot,shoot,NO,NO
stargunner-atari2600,right,left,up,down,shoot,shoot,NO,NO
starsoldier-nes,right,left,up,down,shoot,shoot,NO,NO
starshiphector-nes,right,left,up,down,shoot,shoot,NO,NO
steelempire-genesis,right,left,up,down,shoot,shoot left,NO,NO
steeltalons-genesis,right,left,none,down,none,none,NO,NO
stinger-nes,right,left,up,down,none,none,NO,YES
stoneprotectors-snes,right,left,forward,backward,jump,none,NO,NO
streetfighteriispecialchampionedition-genesis,none,none,none,none,none,none,NO,YES
streetsmart-genesis,right,left,forward,backward,jump,kick,NO,NO
streetsofrage2-genesis,right,left,forward,backward,none,none,NO,NO
streetsofrage3-genesis,right,left,forward,backward,jump,punch,NO,NO
streetsofrageii-sms,right,left,forward,backward,jump,punch,NO,NO
subterrania-genesis,right,left,none,none,shoot,up,NO,NO
submarineattack-sms,right,left,up,down,shoot,throw,NO,NO
superdoubledragon-snes,right,left,forward,backward,none,punch,NO,NO
superfantasyzone-genesis,right,left,up,down,throw,shoot,NO,NO
superhangon-genesis,none,none,none,none,none,none,NO,YES
superrtype-snes,right,left,up,down,shoot,shoot,NO,NO
superswiv-snes,right,left,up,down,none,shoot,NO,NO
supersmashtv-genesis,right,left,up,down,shoot,shoot left,NO,NO
supersmashtv-snes,right,left,up,down,shoot,shoot,NO,NO
superspaceinvaders-sms,right,left,none,none,none,shoot,YES,NO
superstarforce-nes,right,left,up,down,shoot,none,NO,NO
superstarwarsreturnofthejedi-snes,right,left,anim-d,anim-u,anim,jump,NO,NO
superstrikegunner-snes,right,left,up,down,shoot,none,NO,NO
superthunderblade-genesis,right,left,down,up,shoot,none,NO,NO
supervalisiv-snes,right,left,none,crouch,jump,sword,NO,NO
superxeviousgumpnonazo-nes,right,left,up,down,shoot,shoot,NO,NO
t2thearcadegame-genesis,right,left,up,down,none,shoot,NO,NO
t2thearcadegame-sms,right,left,up,down,shoot,shoot,NO,NO
taiyounoyuushafighbird-nes,right,left,up,down,menu,shoot,NO,NO
targetrenegade-nes,right,left,forward,backward,punch,kick,NO,NO
taskforceharrierex-genesis,right,left,up,down,shoot,none,NO,NO
tazmania-snes,right,left,forward,backward,jump,jump,NO,NO
teenagemutantninjaturtlesivturtlesintime-snes,right,left,forward,backward,jump,sword,NO,NO
teenagemutantninjaturtlesthehyperstoneheist-genesis,right,left,forward,backward,none,jump,NO,NO
teenagemutantninjaturtlestournamentfighters-genesis,right,left,jump,crouch,anim,kick,NO,YES
teenagemutantninjaturtlestournamentfighters-nes,none,none,none,none,none,none,NO,YES
tennis-atari2600,right,left,none,none,shoot,shoot,NO,NO
terracresta-nes,right,left,up,down,none,shoot,NO,NO
tetrastarthefighter-nes,right,left,up,down,none,shoot,NO,NO
tetris-gameboy,right,left,none,down,rotate-l,rotate-r,NO,NO
tetrisattack-snes,right,left,up,down,anim,none,NO,NO
thexder-nes,right,left,up,down,shoot,none,NO,NO
thunderandlightning-nes,right,left,none,none,shoot,none,NO,NO
thunderblade-sms,right,left,up,down,down,down,NO,NO
thunderforceii-genesis,right,left,up,down,none,shoot,YES,NO
thunderforceiii-genesis,right,left,up,down,none,shoot,YES,NO
thunderforceiv-genesis,right,left,up,down,none,shoot,NO,NO
thunderspirits-snes,right,left,up,down,none,none,YES,NO
thundercade-nes,right,left,up,down,anim,shoot,NO,NO
tick-genesis,right,left,forward,backward,kick,punch,NO,NO
tick-snes,right,left,forward,backward,jump,kick,NO,NO
tigerheli-nes,right,left,up,down,explode,explode,NO,NO
timepilot-atari2600,none,none,none,none,none,none,NO,NO
toxiccrusaders-genesis,right,left,forward,backward,jump,shoot,NO,NO
trampolineterror-genesis,right,left,up,down,jump,none,YES,NO
transbot-sms,right,left,up,down,none,none,NO,NO
trog-nes,right,left,up,down,down,down,NO,NO
trojan-nes,right,left,jump,crouch,anim,sword,NO,NO
truxton-genesis,right,left,up,down,shoot,anim,NO,NO
twinbee-nes,right,left,up,down,shoot,shoot,NO,NO
twinbee3pokopokodaimaou-nes,right,left,up,down,shoot,shoot,NO,NO
twincobra-nes,right,left,up,down,explode,shoot,NO,NO
twincobradesertattackhelicopter-genesis,right,left,up,down,explode,shoot,NO,NO
twineagle-nes,right,left,up,down,none,none,NO,NO
twinkletale-genesis,right,left,up,down,anim,shoot,NO,NO
twocrudedudes-genesis,right,left,none,crouch,jump,punch,NO,NO
unsquadron-snes,right,left,up,down,explode,shoot,NO,NO
uchuunokishitekkamanblade-snes,right,left,up,down,sword,none,NO,NO
undeadline-genesis,right,left,up,down,anim,shoot,NO,NO
untouchables-nes,right,left,none,none,none,none,NO,NO
upndown-atari2600,none,none,up,down,anim,anim,NO,NO
urbanchampion-nes,right,left,none,none,none,none,NO,NO
uzukeobukseon-genesis,right,left,up,down,none,shoot,YES,NO
vrtroopers-genesis,none,none,none,none,none,none,NO,YES
vaportrail-genesis,right,left,up,down,none,shoot,YES,NO
viceprojectdoom-nes,right,left,up,none,none,shoot,YES,NO
viewpoint-genesis,right,left,up,down,explode,shoot,NO,NO
vigilante-sms,right,left,none,crouch,kick,punch,NO,NO
virtuafighter-32x,right,left,jump,crouch,none,none,NO,YES
volguardii-nes,right,left,up,down,shoot throw,none,NO,NO
wwfarcade-genesis,none,none,none,none,none,none,NO,YES
warpman-nes,right,left,up,down,shoot,shoot,YES,NO
whiprush-genesis,right,left,up,down,none,shoot,NO,NO
worldheroes-genesis,none,none,none,none,none,none,NO,YES
xdrxdazedlyray-genesis,right,left,up,down,none,none,YES,NO
xkaliber2097-snes,right,left,none,crouch,jump,none,NO,YES
xenon2megablast-genesis,right,left,up,down,none,none,NO,NO
xenophobe-nes,none,none,none,none,none,none,YES,NO
xevioustheavenger-nes,right,left,up,down,shoot,shoot,NO,NO
zanac-nes,right,left,up,down,shoot,shoot,NO,NO
zaxxon-atari2600,right,left,down,up,shoot,shoot,NO,NO
zerowing-genesis,right,left,up,down,shoot,anim,NO,YES
zombiesatemyneighbors-snes,right,left,forward,backward,none,shoot,NO,NO
